num_events,num_moves,num_clicks,num_scrolls,movement_distance,velocity_mean,velocity_max,velocity_min,velocity_sd,velocity_x_mean,velocity_y_mean,acceleration_mean,acceleration_max,acceleration_min,acceleration_sd,jerk_mean,jerk_sd,angular_velocity_mean,angular_velocity_sd,movement_duration,total_time,pause_time,flips_x,flips_y,pause_count,hold_time_mean,hold_time_sd
14.0,14.0,0.0,0.0,0.6181572448138567,6.423384782114061,11.388907924864098,2.4623066268560962,2.3360713711190395,-0.8718843051240039,-4.968822791491089,8.60781315660302,1394.955314465924,-684.2190027063263,547.7909724911577,2963.422614745749,143140.53971493643,-30.663330900536803,206.7521786664055,0.09801650047302246,0.09801650047302246,0.0,2.0,3.0,0.0,,
13.0,13.0,0.0,0.0,0.06045152508910028,0.677054717500749,3.602860588925501,0.15065782013205922,0.9046148217904004,-0.20150283997488713,0.4620717582252107,-34.800240845153034,40.66717581091299,-394.7995355645272,117.57596038315637,5203.246812475666,18560.86148333831,34.014940927656816,170.30784885667398,0.09011697769165039,0.09011697769165039,0.0,0.0,5.0,0.0,,
14.0,14.0,0.0,0.0,0.055243032671441435,0.5658550422754913,1.1067520985446775,0.148850731352775,0.2509555541992307,-0.5487680301930624,0.047200979706709306,-4.2288017245365195,73.07108775565445,-129.633942376085,51.298640471134824,-1560.4888868058154,10660.209721719722,12.520290328251656,51.81004465660321,0.09674286842346191,0.09674286842346191,0.0,0.0,8.0,0.0,,
11.0,11.0,0.0,0.0,0.03502890549073681,0.46621263859429113,0.8434012755729682,0.1326384380611336,0.27444639941582,-0.4296072041120017,-0.017682074295878036,-10.467903096977633,29.54079447883376,-48.59010915956158,21.07376901774836,180.0099123279952,4546.221043492116,10.711540592422583,111.0023612003812,0.07493376731872559,0.07493376731872559,0.0,0.0,7.0,0.0,,
10.0,10.0,0.0,0.0,0.006560043967053564,0.09840504487525431,0.1643865853964426,0.06327762168216336,0.03611249953312774,0.06372675281600937,0.012510751155048091,-0.5199059416737597,15.629319273881793,-9.377996647997985,7.737031731217401,206.16823271341323,1986.5152029133976,-29.893607288256895,143.94849471737368,0.06768059730529785,0.06768059730529785,0.0,3.0,5.0,0.0,,
8.0,8.0,0.0,0.0,0.0406112032054371,0.785187316210728,1.6965438062345668,0.1436295297894951,0.5683335150057663,-0.6373553204806355,0.42486129484019036,35.10162530342873,64.0404477689981,0.7288671741126224,22.047010258138954,1486.1868025183812,3533.590321074672,-6.817812905064798,48.995969248314154,0.05183577537536621,0.05183577537536621,0.0,0.0,1.0,0.0,,
13.0,13.0,0.0,0.0,0.08260308774015038,0.9267721217427263,1.8792261923049356,0.12292643353954376,0.49144494437882275,-0.8830105617972167,-0.14403078161895172,-13.257541849488312,99.51219968664103,-103.19339808506976,60.9441918167191,-716.3878232200784,15391.87791624362,19.542575144234032,42.33278625025755,0.08948469161987305,0.08948469161987305,0.0,1.0,2.0,0.0,,
11.0,11.0,0.0,0.0,0.01245780551549813,0.16605883125939397,0.2649694145671647,0.07160526200777913,0.06160253013140167,-0.05594717207199076,-0.14783304175806009,0.18538039275295123,23.981045273486103,-16.521833261266114,11.773063729576956,31.587679292576524,2999.7522455047447,-8.535857652195444,104.32925379205038,0.07528185844421387,0.07528185844421387,0.0,3.0,2.0,0.0,,
1.0,1.0,0.0,0.0,0.0,,,,,,,,,,,,,,,0.0,0.0,0.0,0.0,0.0,0.0,,
2.0,0.0,2.0,0.0,0.0,,,,,,,,,,,,,,,0.0,0.05656743049621582,0.05656743049621582,0.0,0.0,0.0,0.05656743049621582,0.0
3.0,3.0,0.0,0.0,0.002124717563736783,0.13281239011104984,0.2656247802220997,0.0,0.13281239011104984,0.06511276701440613,0.11575603024783353,33.207483701480584,33.207483701480584,33.207483701480584,0.0,,,132.31833543135562,0.0,0.014996528625488281,0.014996528625488281,0.0,1.0,1.0,0.0,,
14.0,14.0,0.0,0.0,0.08026908093938133,0.834640333105227,1.4547355091930452,0.11572843479393329,0.41939576458160777,0.1467440684924618,0.8096085426244295,16.936617536673193,85.45074022240608,-83.73052611238606,51.85084961689977,-43.53233516290943,12099.236400443393,1.38560163736289,32.2753307200675,0.09753608703613281,0.09753608703613281,0.0,6.0,0.0,0.0,,
13.0,13.0,0.0,0.0,0.11137892716551417,1.2383981149048968,2.2508376428244112,0.3967460479617421,0.5425799479468105,0.014981041331038343,1.235732189664592,-7.42018745450186,179.86242290689077,-190.35416253818553,123.50819559194474,3726.8582014286817,30761.823092540442,2.550138487293533,7.131697814589481,0.09152674674987793,0.09152674674987793,0.0,4.0,0.0,0.0,,
13.0,13.0,0.0,0.0,0.08512961062698753,0.9501405288847083,1.3141211840841145,0.3708714292027253,0.34645164154244473,-0.2572758759526366,0.9088612132990477,2.319301236641289,104.43481009928378,-116.36423308206075,65.48609152104795,1178.9601578541583,14267.936856481329,-1.1473049865836549,11.137560326581406,0.09005236625671387,0.09005236625671387,0.0,0.0,0.0,0.0,,
13.0,13.0,0.0,0.0,0.015806387313572957,0.1783500082133588,0.6653693719408202,0.0,0.18424377917143578,-0.011626092900339773,0.17762268277997714,-5.5821115513703,20.55895183185332,-43.987182509789264,17.560859178659058,573.9921783882696,3504.804119893535,3.344658703314751,126.3942616729738,0.09021973609924316,0.09021973609924316,0.0,1.0,4.0,0.0,,
8.0,8.0,0.0,0.0,0.005150462962962982,0.07754063100556852,0.13234332304701468,0.0,0.05236293170077945,-0.004958942834745271,0.07258168817082325,1.826888973141302,18.092925358118595,-4.33887222472297,7.478852218061058,-32.86852456152403,1831.7105125544035,-11.402224870469581,188.23396206589396,0.09736919403076172,0.09736919403076172,0.0,2.0,2.0,0.0,,
7.0,7.0,0.0,0.0,0.013267395645093352,0.30102347152424697,0.47592637538042254,0.0,0.17534479858400578,-0.1888501432846776,0.23121924275826586,12.23319173532921,30.4389517980972,-2.9595217123511954,11.05891806412672,-705.8546822090127,2022.1125620314706,52.312520660930616,106.19567445624818,0.04408121109008789,0.04408121109008789,0.0,1.0,1.0,0.0,,
12.0,12.0,0.0,0.0,0.042447311513926236,0.5926131389829493,1.6942696215006974,0.18310224760551524,0.4113992015941079,-0.2305295094861055,0.5414547646490289,37.354416775787655,504.3201273868601,-157.19101737656254,169.3465837600108,10381.29640695747,64969.5074641076,-3.1931666178248257,24.54432288047733,0.0895378589630127,0.0895378589630127,0.0,0.0,0.0,0.0,,
12.0,12.0,0.0,0.0,0.020591651392778423,0.24674448238230334,0.5000894928493727,0.0,0.14337262566972384,-0.018759883657475607,0.24404610774470878,-2.8606056286816575,53.38546057810209,-65.05574592817118,30.31172999544238,-93.00350047179028,7622.920039858557,-1.3121025035849414,103.53953044335044,0.08271670341491699,0.08271670341491699,0.0,3.0,2.0,0.0,,
5.0,5.0,0.0,0.0,0.002777777777777768,0.06389247521033677,0.13210023520578518,0.0,0.046754298860819714,0.0,0.06389247521033677,1.6841839267110308,10.037929048768067,-9.100546046097689,8.000107197100021,-218.715679345998,1099.7571725879704,-1.1650162565310467,86.93347497610503,0.05152177810668945,0.05152177810668945,0.0,0.0,2.0,0.0,,
11.0,11.0,0.0,0.0,0.16794302461795516,2.344399508054935,6.56048035556178,0.0,2.502914184031092,1.8774877778642736,-1.3673515700887524,93.3059705958495,495.88188825654566,-72.90668088066036,162.54375740439278,-2081.379850795094,30121.860769591553,-9.861974529088135,23.646498749046643,0.07452058792114258,0.07452058792114258,0.0,1.0,1.0,0.0,,
14.0,14.0,0.0,0.0,0.5520286862565271,5.640209550323613,9.726737142258706,1.3620793355357306,2.8153903740087816,4.8196671417290595,-2.9163382545237457,-106.47251875113807,543.1596179207186,-855.5568410005262,350.79849268571024,8035.590252849914,73243.74319547783,1.6367870795154864,9.048538256197558,0.09766530990600586,0.09766530990600586,0.0,0.0,0.0,0.0,,
13.0,13.0,0.0,0.0,0.055481689971126714,0.6274233428268401,1.3112914318082,0.14231951095041806,0.2632909641250497,0.5879947360339609,0.08641015931570123,9.56464218939601,148.92321040668205,-73.83832301511728,54.23743203541257,2256.878120747693,9383.897123585564,-0.08648752199380928,84.47058991607503,0.0901029109954834,0.0901029109954834,0.0,0.0,9.0,0.0,,
14.0,14.0,0.0,0.0,0.09003788220129416,0.946270286376481,1.4703090769920983,0.3241243558166863,0.33477801232352283,0.9415602078829929,0.05624141487964744,-5.0657370360405265,80.95498183817179,-142.65845160879894,67.4929392214288,596.0642442787492,16552.309232693202,-0.037115056501452415,12.10759955168052,0.09658288955688477,0.09658288955688477,0.0,0.0,4.0,0.0,,
2.0,2.0,0.0,0.0,0.0005208333333333037,0.0669035076973297,0.0669035076973297,0.0669035076973297,0.0,0.0669035076973297,0.0,,,,,,,,,0.007784843444824219,0.007784843444824219,0.0,0.0,0.0,0.0,,
9.0,9.0,0.0,0.0,0.030229025448535105,0.5113514036365586,1.1091253723260222,0.06514577679698234,0.3046027438130964,0.5016891624726079,-0.016520958748021102,19.059589401317762,65.05684425291406,-10.81896868826865,25.58688458228803,1719.6909772164265,5547.879574091022,18.912202281427223,46.3252455017966,0.059418678283691406,0.059418678283691406,0.0,0.0,1.0,0.0,,
9.0,9.0,0.0,0.0,0.005902777777777823,0.09190142657933596,0.2229798237555746,0.0,0.08624101638144947,0.05401326551172814,0.037888161067607826,1.5773731336541006,18.9017622259897,-8.263297949423226,9.789207763656991,731.9480489295206,1684.8732210350875,27.371428526967517,137.47409699622935,0.09008598327636719,0.09008598327636719,0.0,1.0,3.0,0.0,,
7.0,7.0,0.0,0.0,0.003955877300386948,0.08605766961662947,0.1602746405354634,0.0,0.053238824795374326,-0.03813779269342196,0.0564066093865578,3.2696030232014897,10.24065360616873,-5.200564476272841,5.617702889079221,696.9794591375536,1043.8771038078,-92.81511340342581,223.8924681217614,0.07395696640014648,0.07395696640014648,0.0,3.0,4.0,0.0,,
9.0,9.0,0.0,0.0,0.011444955945441744,0.19148274848357152,0.408783349589181,0.06506234612024092,0.10372542395555377,-0.16577718605406902,0.07691550515082764,-2.456285260712316,24.823365273700404,-37.14080981296032,21.303361097206967,99.63762116486994,5318.115758848322,13.070904102849012,71.36215029411413,0.06018567085266113,0.06018567085266113,0.0,0.0,5.0,0.0,,
1.0,0.0,1.0,0.0,0.0,,,,,,,,,,,,,,,0.0,0.0,0.0,0.0,0.0,0.0,,
1.0,0.0,1.0,0.0,0.0,,,,,,,,,,,,,,,0.0,0.0,0.0,0.0,0.0,0.0,,
3.0,3.0,0.0,0.0,0.00625942736129593,0.38098557273479905,0.5980926721990697,0.16387847327052846,0.21710709946427062,-0.24995779939092466,0.2845323410147955,49.97054138788279,49.97054138788279,49.97054138788279,0.0,,,30.512433796771067,0.0,0.015172004699707031,0.015172004699707031,0.0,0.0,0.0,0.0,,
13.0,13.0,0.0,0.0,0.30054891894470315,3.317241543293504,6.83090597194659,0.6263078042536245,1.9095241558682563,-2.9830209971130586,1.4015431329016714,58.031756183342644,473.7015500634753,-358.28082527503983,227.36724102700796,-1910.3385079793127,52619.11862548396,-0.5632233829782158,11.838562991513815,0.09097409248352051,0.09097409248352051,0.0,0.0,0.0,0.0,,
14.0,14.0,0.0,0.0,0.3055373045058277,3.138052956344192,5.903756588065257,0.9303885349305294,1.5108352577976059,-2.2847965836796114,2.1483992808359433,7.52103389224544,371.2178637132106,-402.3397119907118,267.36536627318065,-3639.789513973903,63057.116860057235,0.6329770400830075,8.30813536304377,0.09646487236022949,0.09646487236022949,0.0,0.0,0.0,0.0,,
13.0,13.0,0.0,0.0,0.041458723788856434,0.460771402146112,1.1427799611196463,0.0,0.3336096947412234,-0.23050256760444743,0.3913933202508388,-7.05676248501829,42.002257885082834,-56.581739906623014,34.49879225205477,1041.1594164699031,7141.094883736923,-2.992710999556618,106.85288857777154,0.09042596817016602,0.09042596817016602,0.0,2.0,2.0,0.0,,
13.0,13.0,0.0,0.0,0.045372141482686,0.5173891363096182,1.1216579072262105,0.06702667321223642,0.358306538062339,-0.21342750382724207,0.46504929889208463,-5.194095350050897,128.1482860470515,-121.7583024285266,59.24791460761947,-172.9678271681207,15227.621589176973,13.326089735547601,48.60978121540691,0.09011244773864746,0.09011244773864746,0.0,0.0,1.0,0.0,,
14.0,14.0,0.0,0.0,0.05388413712354954,0.5609118583256852,1.0454730918535096,0.0641359130188028,0.26859089011407317,-0.5046770339427369,0.18224470610846047,4.0016798581458435,73.53373638773408,-69.26461155726439,44.48502572071867,157.5921279711909,10133.501102652997,6.34586932428392,43.905127867917344,0.09709882736206055,0.09709882736206055,0.0,0.0,5.0,0.0,,
9.0,9.0,0.0,0.0,0.022007228788136678,0.36254363957584507,0.9027290432902186,0.0,0.30352193125360183,-0.31708455077438424,0.15337544791423205,-16.627340553283364,13.386615836807634,-35.274299750853345,16.207151271733224,-35.609049728402546,3528.3471195584307,-73.20897896056479,122.20565649331586,0.08184957504272461,0.08184957504272461,0.0,2.0,1.0,0.0,,
10.0,10.0,0.0,0.0,0.012918573265239548,0.19334847862955756,0.345856712618467,0.0,0.11030312221235447,0.11887139735059511,0.13730852780901265,2.373114056605488,37.801205115399455,-49.34109500552676,26.926619150081354,150.7654709348478,7115.497698429086,-22.7528391531911,85.48023921424242,0.06723475456237793,0.06723475456237793,0.0,5.0,2.0,0.0,,
13.0,13.0,0.0,0.0,0.03315576296170922,0.38570007513331,0.8507992145789691,0.15178688132666487,0.2286434956149203,0.09271695956822662,0.3563358823538925,8.052023902940725,93.46664552447254,-62.19154425901688,46.917320083503924,1989.0470542143642,12246.980904380573,10.225031704606323,39.78724353462507,0.08953237533569336,0.08953237533569336,0.0,6.0,0.0,0.0,,
7.0,7.0,0.0,0.0,0.010089237531099103,0.2312149222494303,0.40294633919746287,0.07443804591042782,0.1362079235263596,0.06094205947319511,0.21172911273570805,-5.7120666021974085,36.29778234400158,-33.33815649469353,25.9039047316067,1699.6339717301748,6590.212719941135,-43.065557913589934,95.6685858294491,0.04501485824584961,0.04501485824584961,0.0,4.0,1.0,0.0,,
1.0,0.0,1.0,0.0,0.0,,,,,,,,,,,,,,,0.0,0.0,0.0,0.0,0.0,0.0,,
1.0,0.0,1.0,0.0,0.0,,,,,,,,,,,,,,,0.0,0.0,0.0,0.0,0.0,0.0,,
10.0,10.0,0.0,0.0,0.06159843810221127,0.9347959703908015,2.2080892577611078,0.06925133407301713,0.6474181324023702,-0.7836244236992553,-0.5042264437825152,38.62813781981764,115.58673313609975,-24.717741863548884,48.368989836466596,1362.9639902581155,10365.344420745521,9.624981366618245,32.18991067723506,0.0670623779296875,0.0670623779296875,0.0,0.0,1.0,0.0,,
13.0,13.0,0.0,0.0,0.1480398943874139,1.6533621837516843,2.7744460254538956,0.3975121136665854,0.7217709809330939,-1.248031647625656,-1.0415683777486198,-11.12176592153298,171.7812612410156,-338.97464941502034,145.95144327902693,-1231.114989121407,31097.497834822374,5.56886938365918,11.366468844663205,0.09024548530578613,0.09024548530578613,0.0,0.0,0.0,0.0,,
14.0,14.0,0.0,0.0,0.05475272789936193,0.5633499912928042,1.2440988982679027,0.11570429956248707,0.27965114130722984,-0.15954194097804456,-0.5340229338336138,-8.875780616946884,42.08339065607146,-52.52860469485909,29.09131693174119,1182.2764623393516,4492.7444381042515,2.620145969076729,22.923473390868814,0.09754014015197754,0.09754014015197754,0.0,2.0,0.0,0.0,,
13.0,13.0,0.0,0.0,0.017564442354262882,0.19757528534687438,0.4038799116358157,0.0,0.11325784481970153,-0.036012200243681895,-0.18738382996388278,-1.622953986188274,44.17079478148865,-50.493163101545456,23.613547252398735,27.777005752476697,5881.527254755507,-4.732535132810949,130.43854258742678,0.08953118324279785,0.08953118324279785,0.0,8.0,4.0,0.0,,
3.0,3.0,0.0,0.0,0.0018518518518518268,0.03554737092750741,0.04022928840563596,0.03086545344937886,0.004681917478128548,0.0,-0.03554737092750741,0.40683645040107896,0.40683645040107896,0.40683645040107896,0.0,,,0.0,0.0,0.05301499366760254,0.05301499366760254,0.0,0.0,0.0,0.0,,
5.0,5.0,0.0,0.0,0.013541666666666667,0.4535984170878844,0.6680076107637941,0.14889131225009034,0.21747441990097602,0.4535984170878844,0.0,23.325826440047262,45.80050192133519,-2.140971153252448,19.686049310620035,-1607.3644719927536,4383.789843254252,0.0,0.0,0.029528379440307617,0.029528379440307617,0.0,0.0,0.0,0.0,,
13.0,13.0,0.0,0.0,0.08746559455273936,0.9892735730709554,2.1957599007973694,0.25274336620539745,0.4962835026933926,0.9023287602652293,0.3956646604347232,5.972392929414732,165.81447953290336,-146.6797336962382,96.82381209305868,-321.65243445035014,19389.95585249309,2.2828846362144932,19.94163238505738,0.09053897857666016,0.09053897857666016,0.0,0.0,0.0,0.0,,
14.0,14.0,0.0,0.0,0.07033077855998379,0.7324176233269556,1.3312253537584893,0.2453558337691429,0.3750619685325498,0.273352812078243,0.6544058843322984,-9.490014365225893,137.24895343793807,-108.11210475780875,55.12240812611737,396.71089005659417,13839.879666592784,5.138990764799311,20.38271977833527,0.09664058685302734,0.09664058685302734,0.0,2.0,0.0,0.0,,
13.0,13.0,0.0,0.0,0.0369337640867121,0.4251738154078652,0.9722882833196198,0.0,0.2821084046844452,0.16305589257265132,0.3856073415061045,0.6118122135337057,101.00829714694575,-84.50787673428007,50.224168905004404,1008.1222189781558,12950.112289445255,3.346984441522574,70.60466180842951,0.0894620418548584,0.0894620418548584,0.0,2.0,2.0,0.0,,
13.0,13.0,0.0,0.0,0.03234444297136236,0.371598397854489,0.7425680644172079,0.07441775960937917,0.2123108102827199,0.26363471248861436,0.25524187089789935,2.978284240194702,90.41391318112117,-65.20558176063446,45.54521618289755,-111.77323013846095,11476.702764325619,-13.820350863361798,49.72735890672056,0.08979225158691406,0.08979225158691406,0.0,0.0,1.0,0.0,,
14.0,14.0,0.0,0.0,0.02587481637435375,0.2667200868555428,0.4858963331055461,0.07030100190942028,0.12313945979718305,0.1714938500079143,0.19119840184590714,-1.0572503550406662,44.87740497422346,-36.88206093454426,27.507750589766555,-240.4498025106627,7149.436337451476,-4.441399902747391,76.83174933968282,0.0962057113647461,0.0962057113647461,0.0,0.0,2.0,0.0,,
4.0,2.0,2.0,0.0,0.0005208333333333315,0.052078416414363976,0.052078416414363976,0.052078416414363976,0.0,0.052078416414363976,0.0,,,,,,,,,0.010000944137573242,0.07577824592590332,0.06577730178833008,0.0,0.0,0.0,0.05977988243103027,0.0
11.0,11.0,0.0,0.0,0.11788956002708606,2.0997264308144876,7.231267541236028,0.17371343750414103,2.0714091014308598,-1.9832467600992405,-0.6749777289022056,211.77590593011692,2565.59554449792,-716.2191397487917,874.7340282791272,73101.87978730362,416852.07366195874,2.6440649414361115,18.862377835094225,0.07371020317077637,0.07371020317077637,0.0,0.0,1.0,0.0,,
8.0,8.0,0.0,0.0,0.11110747577721501,2.103919870125713,3.5826103389157997,0.2183399091444359,1.3847066039732017,-1.5576447269786535,-0.7535105097952541,-74.70405213838029,23.580642483748385,-220.61671699004225,80.52190979837022,-946.3944539970591,12979.598303266699,55.137553097283956,117.37021211740567,0.052617549896240234,0.052617549896240234,0.0,1.0,0.0,0.0,,
6.0,6.0,0.0,0.0,0.003435043967053621,0.09163199226086302,0.13577888558447698,0.0,0.05074164299987174,0.028192415099179302,-0.07326553602399552,-0.28436563650665714,14.464516269442212,-9.899588814739367,9.769572256188013,435.50420224593563,1920.5421644533162,23.382285992642796,150.82152761596714,0.03734183311462402,0.03734183311462402,0.0,3.0,2.0,0.0,,
1.0,1.0,0.0,0.0,0.0,,,,,,,,,,,,,,,0.0,0.0,0.0,0.0,0.0,0.0,,
1.0,1.0,0.0,0.0,0.0,,,,,,,,,,,,,,,0.0,0.0,0.0,0.0,0.0,0.0,,
2.0,2.0,0.0,0.0,0.0009259259259259411,0.03107215002212133,0.03107215002212133,0.03107215002212133,0.0,0.0,-0.03107215002212133,,,,,,,,,0.029799222946166992,0.029799222946166992,0.0,0.0,0.0,0.0,,
1.0,1.0,0.0,0.0,0.0,,,,,,,,,,,,,,,0.0,0.0,0.0,0.0,0.0,0.0,,
1.0,1.0,0.0,0.0,0.0,,,,,,,,,,,,,,,0.0,0.0,0.0,0.0,0.0,0.0,,
3.0,3.0,0.0,0.0,0.0029562030762491183,0.2061142254100261,0.22080118594386977,0.19142726487618242,0.014686960533843677,0.18193785378122634,-0.06358867627492679,4.150909828842874,4.150909828842874,4.150909828842874,0.0,,,102.683833970916,0.0,0.01435708999633789,0.01435708999633789,0.0,0.0,1.0,0.0,,
14.0,14.0,0.0,0.0,0.05461831510758289,0.5892556968973404,1.1430025358994016,0.2231164675041707,0.2675949689669645,0.5745838613705458,0.09341996482535143,-0.6956301811757594,106.78021770729224,-68.24956683729727,52.70336031973888,1539.0690080684935,13890.928400192177,-2.479226285898649,27.081712305078806,0.09542989730834961,0.09542989730834961,0.0,0.0,2.0,0.0,,
8.0,8.0,0.0,0.0,0.004518703076249126,0.08748234522781292,0.23409894624040029,0.0,0.0805964881670377,0.08120450627858963,0.01651196775006326,-4.9508171077437995,8.052090508587323,-24.85729757530032,10.323857012807121,11.65243500787335,2212.0330277442054,-2.18558938732158,56.24032564409193,0.05572104454040527,0.05572104454040527,0.0,3.0,2.0,0.0,,
8.0,8.0,0.0,0.0,0.04183477429458248,0.8288034450939245,1.8673747787120798,0.12590244558430785,0.5483620894625607,0.8157073004260186,0.10561405122454205,43.56478510509362,114.61656061127036,-82.1034137892157,67.0470843563601,2351.2998792665644,18932.947715188227,5.924775380782962,10.074163663829108,0.049315452575683594,0.049315452575683594,0.0,0.0,1.0,0.0,,
13.0,13.0,0.0,0.0,0.16023270795289923,1.7949201022731056,2.9126441774874596,0.3623916189554534,0.7236178786401588,1.6275818079030595,0.7366126664945923,-15.804262403683412,215.13565811513175,-250.49391951186013,140.00212501677458,-1392.8105900240837,33003.67487248627,4.644965654578228,10.051544826126895,0.08995389938354492,0.08995389938354492,0.0,0.0,0.0,0.0,,
14.0,14.0,0.0,0.0,0.1240256889438106,1.5867483905576245,4.235703599362194,0.421790171476881,0.9583042149893214,1.19161391212806,1.0326442140990433,70.56803159320629,1794.1579571818168,-522.3555501214561,545.9400758559544,14452.866207689018,351272.6625577751,0.9428099161883955,29.313786365697787,0.09729862213134766,0.09729862213134766,0.0,0.0,0.0,0.0,,
10.0,10.0,0.0,0.0,0.05727051858803259,2.352293251904984,16.384735583888535,0.22895088241002526,4.971588552504033,1.5012555998338992,1.800190019507048,1679.7484560242744,15724.006896941813,-2284.4832218228407,5360.957600237192,1896825.1935411727,5640262.494515517,-8.87153886843186,49.49818840478905,0.07426238059997559,0.07426238059997559,0.0,0.0,0.0,0.0,,
14.0,14.0,0.0,0.0,0.06925863339275842,0.9279717824870592,2.6227913194516757,0.34541716572109926,0.6872386590353555,0.8639855571835107,0.2492388053833213,8.044211857331852,627.4483167019021,-249.99415657565828,204.93106826522242,12648.53723340294,68235.54335280205,-8.993294286395694,35.54524216924878,0.09091758728027344,0.09091758728027344,0.0,0.0,7.0,0.0,,
3.0,3.0,0.0,0.0,0.003124999999999989,0.19553184340844731,0.21391302928672187,0.17715065753017278,0.018381185878274545,0.19553184340844731,0.0,3.774696146979874,3.774696146979874,3.774696146979874,0.0,,,0.0,0.0,0.015619277954101562,0.015619277954101562,0.0,0.0,0.0,0.0,,
1.0,1.0,0.0,0.0,0.0,,,,,,,,,,,,,,,0.0,0.0,0.0,0.0,0.0,0.0,,
4.0,4.0,0.0,0.0,0.010185185185185186,0.9771224188382367,1.8515446077782218,0.1543812535703071,0.6938270960752919,0.0,-0.9771224188382367,-295.68475213818425,-128.56020973668868,-462.80929453967985,167.1245424014956,55729.93613394519,0.0,0.0,0.0,0.011999368667602539,0.011999368667602539,0.0,0.0,0.0,0.0,,
6.0,6.0,0.0,0.0,0.016803099522609204,0.5669578963603714,1.6204878221091987,0.10264347027770915,0.5411754394249206,0.010064422995708195,-0.5643215098527535,29.974519531697368,342.01222364607827,-174.62451887183167,190.422224965236,10244.165712806289,67001.46279366329,12.376570241064108,21.436848480968024,0.04036092758178711,0.04036092758178711,0.0,1.0,0.0,0.0,,
14.0,14.0,0.0,0.0,0.9451789432415616,50.79287515043726,458.2065186077989,0.1459787605892303,124.30211265693808,-0.7372821466840018,-45.40157837382832,-415.8744636409863,105549.37307454088,-85078.83563113234,39956.92970178285,10417068.58305996,40158212.79772108,-79.09527154379198,391.567173415157,0.08029341697692871,0.08029341697692871,0.0,5.0,9.0,0.0,,
13.0,13.0,0.0,0.0,0.056520105362917676,0.8048998072172319,3.0905213273169863,0.1679292073947556,0.883730069322124,0.7593945322937435,0.11786346354576316,83.10678184733833,965.9688787209425,-111.8420531603573,285.1889581281523,21429.525065504808,118729.20875724465,-12.644207419923266,176.13497238628645,0.0871880054473877,0.0871880054473877,0.0,2.0,7.0,0.0,,
13.0,13.0,0.0,0.0,0.05196155855763355,0.5744256428000005,1.6297625499280943,0.14340421241715667,0.4205902450360786,0.4907747957553856,-0.01703624121084084,-8.76651207156694,136.56124591699842,-186.29672474703958,85.51462377386035,1506.7673126741754,22525.409411017357,-25.468467331338402,71.8985809514771,0.09010672569274902,0.09010672569274902,0.0,0.0,2.0,0.0,,
14.0,14.0,0.0,0.0,0.28645955140609325,3.169468754050548,5.61704364642465,0.5156153498160934,1.6996860402794065,-1.8788959403265513,-0.09512645461572504,150.56973028861097,1892.681663767116,-346.2857266206594,554.2718531691444,44844.370678288265,242097.87812609246,-64.90713244740135,341.1025175277029,0.0974266529083252,0.0974266529083252,0.0,1.0,8.0,0.0,,
13.0,13.0,0.0,0.0,0.38673105360570176,4.699355146507064,7.625001648850775,1.6171320628516415,1.6825261209584708,-3.984831988260583,0.9716440166383746,265.67719137512347,2499.4200514215477,-328.7225301799588,763.2508749891915,146444.09008191305,419154.78518665343,-71.15322144588428,228.27015425997143,0.09365081787109375,0.09365081787109375,0.0,0.0,9.0,0.0,,
7.0,7.0,0.0,0.0,0.022858323893309607,0.7963400500422465,2.6041484542636892,0.19296101196196627,0.8523618171611282,-0.13304071020642727,0.12138624577231184,-74.97417022256658,23.786832712016363,-270.0958855850522,106.03189998095935,5389.028803903282,13344.248801738555,-150.253246022441,200.5123709344848,0.038910627365112305,0.038910627365112305,0.0,1.0,4.0,0.0,,
2.0,2.0,0.0,0.0,0.000925925925925926,0.14183094057464082,0.14183094057464082,0.14183094057464082,0.0,0.0,0.14183094057464082,,,,,,,,,0.006528377532958984,0.006528377532958984,0.0,0.0,0.0,0.0,,
10.0,10.0,0.0,0.0,0.08642277118513259,1.2159658831263513,2.968870146794854,0.2986456269614743,0.7855419353951105,0.948916198787139,0.7452979910177535,139.64901002515828,1248.8715850369153,-255.55399009097653,440.86534581172566,76365.69417756902,256487.65781385923,8.731965592906702,52.09526717674162,0.09052443504333496,0.09052443504333496,0.0,0.0,0.0,0.0,,
11.0,11.0,0.0,0.0,0.02083012938502202,0.2833086021881962,0.5838937935204239,0.0651147078402732,0.18490674330804835,0.2096256005824651,0.16593383310125734,-6.211207467300138,46.24630787050283,-61.74915523490457,27.690374075433656,7.92773577057244,5939.965822503707,1.3745329733794907,96.16534335986925,0.07499837875366211,0.07499837875366211,0.0,2.0,1.0,0.0,,
2.0,2.0,0.0,0.0,0.0005208333333333315,0.07990538546886593,0.07990538546886593,0.07990538546886593,0.0,0.07990538546886593,0.0,,,,,,,,,0.006518125534057617,0.006518125534057617,0.0,0.0,0.0,0.0,,
13.0,13.0,0.0,0.0,0.006560043967053581,0.0729879945548685,0.1328084315884989,0.0,0.040528031323011554,0.04668916698726267,0.030303408801951617,-0.6503860309137293,18.894038025603404,-9.300915084780003,8.611817650612487,59.18661756694662,2032.075545122337,-13.762878600070025,134.33441300225306,0.08971405029296875,0.08971405029296875,0.0,6.0,5.0,0.0,,
14.0,14.0,0.0,0.0,0.03176006205819503,0.32833898530661176,0.5103629870005222,0.0744152245991731,0.11519741069819141,0.09692573264918554,0.3060198434373095,5.19129333668359,29.803682957797367,-21.342133097564833,14.28980904153337,-114.78202418678455,3041.6707388398795,15.121644525725024,57.555077581940104,0.09688043594360352,0.09688043594360352,0.0,2.0,1.0,0.0,,
13.0,13.0,0.0,0.0,0.04765841985784546,0.5381103463684135,0.9257355245675151,0.3354015730904915,0.16823690947707828,0.04488695411744776,0.5333723851189961,5.752433687554967,97.76884795807001,-49.571522849278814,41.494248671346526,1431.231700531031,11336.61833920203,4.840320621927196,13.087146445526164,0.0908350944519043,0.0908350944519043,0.0,3.0,0.0,0.0,,
13.0,13.0,0.0,0.0,0.06787086720713933,0.7635667942643726,1.6708017896867398,0.4672178729208949,0.33338931503586705,-0.17595795181138338,0.7396047929611765,8.69993027677922,132.78872735596877,-120.908841705555,63.402569228663836,1212.345212197301,14612.631067516508,-1.174161810655512,9.846599559093791,0.09032583236694336,0.09032583236694336,0.0,0.0,0.0,0.0,,
14.0,14.0,0.0,0.0,0.033333333333333326,0.34709684195926765,0.9263401268853307,0.13224417934466054,0.20755263757051343,0.0,0.34709684195926765,1.4647987551694583,99.32034233861737,-86.86152898130746,44.3535257114307,-960.0430595770271,9407.371104187005,0.0,0.0,0.09752035140991211,0.09752035140991211,0.0,0.0,0.0,0.0,,
13.0,13.0,0.0,0.0,0.03319684295175759,0.3729835139634596,0.6979592201185789,0.14581156740160925,0.14738670296906226,0.05184758468176687,0.3539811346069683,1.095761871521406,60.48859440478482,-75.78373338071916,33.41811091985324,-238.11372324897738,8227.69019310336,-11.638159525791282,17.045624137251256,0.08977174758911133,0.08977174758911133,0.0,4.0,0.0,0.0,,
13.0,13.0,0.0,0.0,0.1331726972234608,1.4902401563216614,2.534616432437837,0.6900614620709561,0.4541772933235774,0.8818727146040372,1.1902635148773488,9.344035995417231,134.7162673340762,-158.1322034055303,81.85452225518625,-4054.971162797536,14959.66146569477,3.3841141615723203,10.188988765062195,0.0902104377746582,0.0902104377746582,0.0,0.0,0.0,0.0,,
12.0,12.0,0.0,0.0,0.11564617308242808,1.4149546773326007,2.726607493044727,0.45534513283636374,0.5783542700084833,0.5453972254129764,1.303606925121107,1.3360826845720326,146.3478243824404,-139.0546693776214,93.27282501510116,531.8791918652431,21139.648996682754,2.1113619601721956,14.34267391487548,0.08216643333435059,0.08216643333435059,0.0,0.0,0.0,0.0,,
14.0,14.0,0.0,0.0,0.036865893284271596,1.24713237063514,10.533689013559103,0.0,2.7479891330810275,0.30642655752355885,1.1999643411032825,-84.5316407803596,1089.3478115511625,-1662.872280951973,577.0425344703175,41762.50549909303,205019.3836469907,-27.57036384102783,110.84801583097985,0.0886847972869873,0.0886847972869873,0.0,7.0,3.0,0.0,,
1.0,0.0,1.0,0.0,0.0,,,,,,,,,,,,,,,0.0,0.0,0.0,0.0,0.0,0.0,,
1.0,0.0,1.0,0.0,0.0,,,,,,,,,,,,,,,0.0,0.0,0.0,0.0,0.0,0.0,,
9.0,9.0,0.0,0.0,0.07912052267309475,1.3480274832113874,3.967813365397923,0.07399679335185033,1.162882019116082,0.925023885139562,-0.9758936985269535,77.87293161337308,278.0511636836827,-5.560680079863662,86.30926814967953,6224.097804363468,11493.024790685773,-15.51142983807269,35.013035580830326,0.05929088592529297,0.05929088592529297,0.0,0.0,1.0,0.0,,
14.0,14.0,0.0,0.0,0.5537998964636424,9.387033184377442,27.906024048330046,1.512616468751577,8.634571322353521,7.3989753139702445,-5.645508642218655,1603.6804144822263,16169.239331240988,-4092.1918891267296,5819.457552062809,620232.4597748873,4540461.073646792,6.8329354921666665,8.700226189891918,0.09682202339172363,0.09682202339172363,0.0,0.0,0.0,0.0,,
10.0,10.0,0.0,0.0,0.13387047608381245,1.9895757949793362,3.975489065126191,0.2761194454972403,1.3441509703099808,1.8063639936980576,-0.8195737603467399,-45.9534376064201,232.49376267757387,-241.35616989856564,153.51164410593736,-1076.6165656304413,41313.838256824216,0.5575341257163937,27.859159896493292,0.06747293472290039,0.06747293472290039,0.0,0.0,2.0,0.0,,
6.0,6.0,0.0,0.0,0.009857448016432997,0.2749314051641186,0.4552830988275947,0.1323162691156969,0.11996905802029563,-0.07066104512432166,-0.25851927001913705,8.580554385230059,17.371304637091296,-7.5443548437480885,9.542318986875626,787.2069192720274,1328.8607066150375,-16.68826852214749,18.54291204573688,0.03500866889953613,0.03500866889953613,0.0,1.0,0.0,0.0,,
14.0,14.0,0.0,0.0,0.023947241428327062,0.24896471162722772,0.5047851220254246,0.13279259985771624,0.10217004652536775,-0.1569193601567879,-0.1826920253547083,-0.1933281041467465,29.361246196791686,-46.499169231966015,20.66110451320534,87.03750799779755,5063.9923619564615,-6.6849290088966455,59.14177898009152,0.09731006622314453,0.09731006622314453,0.0,0.0,1.0,0.0,,
13.0,13.0,0.0,0.0,0.0247271204074223,0.31650502902898764,1.0557180957378727,0.07293690806093985,0.2710366773736653,-0.2747620399249279,-0.114462425559462,18.47178772224124,194.72636342131145,-40.55228209584213,58.39124943784216,5038.053520410769,15814.281950618571,-12.35776044568945,88.64555646159185,0.08722877502441406,0.08722877502441406,0.0,2.0,2.0,0.0,,
11.0,11.0,0.0,0.0,0.04466342181349952,0.6009911458724556,1.0579707745176026,0.0,0.3353241671807529,-0.55937716869971,-0.203176428477502,-9.40437271660398,82.02809618224549,-71.7290483971309,43.30185446806873,-836.0975937765451,10108.418122758467,47.116956190854054,105.35038307312585,0.07478499412536621,0.07478499412536621,0.0,1.0,1.0,0.0,,
4.0,4.0,0.0,0.0,0.004166666666666652,0.19134890795009638,0.2617853540649301,0.10418415363092375,0.06541871198209512,-0.19134890795009638,0.0,6.325703910800574,19.803689307203765,-7.152281485602616,13.477985396403191,-3589.710951236696,0.0,0.0,0.0,0.02046656608581543,0.02046656608581543,0.0,0.0,0.0,0.0,,
7.0,7.0,0.0,0.0,0.007221072966442935,0.16263492044907224,0.32579102984616964,0.0,0.11109757592360935,-0.15191653292967133,-0.04408740550404768,-1.8647383172485068,27.948834962148563,-32.585444055993015,25.51511566907195,-1368.7595383392675,6085.071442305145,-75.1469604397774,168.88095180953616,0.045998573303222656,0.045998573303222656,0.0,1.0,4.0,0.0,,
1.0,0.0,1.0,0.0,0.0,,,,,,,,,,,,,,,0.0,0.0,0.0,0.0,0.0,0.0,,
1.0,0.0,1.0,0.0,0.0,,,,,,,,,,,,,,,0.0,0.0,0.0,0.0,0.0,0.0,,
6.0,6.0,0.0,0.0,0.0023726851851851548,0.06234922770650676,0.1232619676521029,0.0,0.05373550957300131,-0.014563555555554728,0.04778567215095203,3.7934047849240544,14.449011652848695,-5.99067062172069,7.6190116299356925,212.91487444004702,2171.7292007151364,51.68191380959118,173.04341829047786,0.03710365295410156,0.03710365295410156,0.0,2.0,3.0,0.0,,
13.0,13.0,0.0,0.0,0.011854060046012761,0.1313328557442555,0.24045846052703962,0.0,0.0600216076849452,-0.06418955523063312,0.10168836824942672,-1.1395880822639528,21.956097492222835,-34.33849316749189,14.001186488252054,-302.44688975960054,3489.9940272916906,19.21774308797308,149.59677675324866,0.08924698829650879,0.08924698829650879,0.0,5.0,5.0,0.0,,
13.0,13.0,0.0,0.0,0.12502501592661358,1.3987799492812074,2.874872755102291,0.13279259985771624,0.9215469570789935,-1.3001042987304534,0.48557798277772474,33.350244714440755,198.54467472330532,-66.98852212461381,69.71571191176069,161.43506040834836,15931.356337282614,10.77742035160466,25.748121616814924,0.08988618850708008,0.08988618850708008,0.0,0.0,0.0,0.0,,
14.0,14.0,0.0,0.0,0.22005753019280802,2.2718683675598084,5.924407611626439,0.5572220521715333,1.3772895893828279,-1.9648181710839596,1.1147109982237953,24.412994070752074,348.20714516753964,-392.34751697593055,219.45668524568052,7814.498808123441,45623.04973584463,-0.4979671119930588,19.569347285386687,0.09673357009887695,0.09673357009887695,0.0,0.0,0.0,0.0,,
13.0,13.0,0.0,0.0,0.34217204091361786,3.8620077532242276,6.625865242481108,0.8928914472563787,1.7527888025556357,-3.7237287314577325,0.9211223225943517,-27.040663491057842,551.1019737106901,-683.1037563537062,369.17208972060905,-3799.8163925309755,96775.66794848129,4.91989042023197,8.694659222827582,0.08823871612548828,0.08823871612548828,0.0,0.0,3.0,0.0,,
8.0,8.0,0.0,0.0,0.043229166666666666,0.8089534878557337,2.213108469155667,0.07386668470052522,0.7378092592167701,-0.8089534878557337,0.0,-48.78441371692194,26.061793892529334,-92.95680663892507,45.43990512772528,1554.4642691620513,7198.96801373847,0.0,0.0,0.05252504348754883,0.05252504348754883,0.0,0.0,0.0,0.0,,
3.0,3.0,0.0,0.0,0.0019882847077943465,0.14198836122576802,0.1517145280294784,0.13226219442205764,0.009726166803710384,-0.03718987629099988,0.13224643283947415,-2.778632995911159,-2.778632995911159,-2.778632995911159,0.0,,,-73.19133477298432,0.0,0.01400303840637207,0.01400303840637207,0.0,1.0,0.0,0.0,,
13.0,13.0,0.0,0.0,0.14778052138698997,1.6424523912353255,2.9532548378273202,0.34291639897073917,0.7796572591992379,0.3463630053320083,1.5951672354372584,-23.062364858028033,173.91460200723105,-191.50379576673603,95.40756973551758,-209.20880613501942,23601.33032193002,-5.643205458872581,9.41357830420286,0.08982968330383301,0.08982968330383301,0.0,0.0,0.0,0.0,,
5.0,5.0,0.0,0.0,0.002777777777777768,0.09815804807706156,0.14466808771893755,0.0,0.057596040050797305,0.0,-0.09815804807706156,5.737223553643432,18.894038025602555,-3.6199793774920925,9.575943149461644,-1671.8684208658187,977.4296030164169,-74.79505615717756,105.77618281593777,0.0897977352142334,0.0897977352142334,0.0,0.0,1.0,0.0,,
13.0,13.0,0.0,0.0,0.012224626173448473,0.13743793469986196,0.27476872613604153,0.0,0.09331937303955953,-0.017572008123677787,-0.12521009854956014,-3.332051533286493,21.37855164150883,-35.287918246020524,20.88150469379835,-234.78929158378105,4950.532110613063,20.196277861323775,165.76908503624384,0.08938097953796387,0.08938097953796387,0.0,5.0,7.0,0.0,,
2.0,1.0,1.0,0.0,0.0,,,,,,,,,,,,,,,0.0,0.05222797393798828,0.05222797393798828,0.0,0.0,0.0,,
1.0,0.0,1.0,0.0,0.0,,,,,,,,,,,,,,,0.0,0.0,0.0,0.0,0.0,0.0,,
10.0,10.0,0.0,0.0,0.049655339893628025,0.7248466152779538,1.3693539164574726,0.14858244062801157,0.4507886802922756,0.5931249037345196,-0.40489351510505395,18.79206229848799,73.80123923385459,-29.111529635442572,31.300810516183613,-106.28824284751578,7642.9154846164365,9.841876337176586,54.99202749742062,0.06816601753234863,0.06816601753234863,0.0,0.0,2.0,0.0,,
13.0,13.0,0.0,0.0,0.07226095063046355,0.8125240646644332,1.8255565339299538,0.17420474393622515,0.4757291576641412,0.6370713066351573,-0.49093946007293754,-5.0160176430132415,126.64022147126744,-138.98226545045688,73.03515741711887,-1261.9671568721474,17821.951588464242,-6.0557921465340225,15.704572568918497,0.09095168113708496,0.09095168113708496,0.0,0.0,0.0,0.0,,
1.0,1.0,0.0,0.0,0.0,,,,,,,,,,,,,,,0.0,0.0,0.0,0.0,0.0,0.0,,
5.0,5.0,0.0,0.0,0.001967592592592604,0.034546512111241164,0.08603573444658838,0.0,0.031739466576180146,0.02688966360961091,-0.0076568485016302555,2.6338364944615718,14.212123395386689,-3.644685955601406,8.196830179012313,1126.1364081811491,1823.6051099979998,62.30869996274888,88.11780854115544,0.06888794898986816,0.06888794898986816,0.0,1.0,1.0,0.0,,
12.0,12.0,0.0,0.0,0.0528439237628687,0.6368448692943013,1.1314062516859227,0.13232979469861247,0.28660665690320414,0.01873973253855278,0.636054146019549,0.724436274766127,135.64336192172024,-104.94690595969539,61.406277938400294,-3308.251766237461,13630.167523010012,-0.03754071876938188,7.089740346078859,0.08278203010559082,0.08278203010559082,0.0,4.0,0.0,0.0,,
13.0,13.0,0.0,0.0,0.0398148148148148,0.4420138692991273,0.7923049605198506,0.0,0.23281259682721767,0.0,0.4420138692991273,-8.14070526734028,72.30103464570242,-103.5372837842559,46.36867280814163,201.60228626237432,11681.511363850108,-2.554639731340129,89.85707664773055,0.08932256698608398,0.08932256698608398,0.0,0.0,2.0,0.0,,
3.0,3.0,0.0,0.0,0.0009259259259258856,0.09259930412052088,0.18519860824104176,0.0,0.09259930412052088,0.0,0.09259930412052088,37.04240645397398,37.04240645397398,37.04240645397398,0.0,,,314.1820370367736,0.0,0.015194416046142578,0.015194416046142578,0.0,0.0,1.0,0.0,,
11.0,11.0,0.0,0.0,0.00833333333333336,0.11382071822487375,0.22963663758366124,0.0,0.0727854769602956,0.0,0.11382071822487375,0.040636322702804345,35.119049398820735,-19.798622128807715,17.999575354786565,830.8344849058848,4712.07335882193,-27.439683525104826,118.38033182802849,0.07651424407958984,0.07651424407958984,0.0,0.0,3.0,0.0,,
13.0,13.0,0.0,0.0,0.027874590484756857,0.31832382877308696,0.7100467463243036,0.11518269166340062,0.1797140019408999,-0.01090445622477155,0.3173103664448423,9.62776133143074,58.09628622275483,-43.44790964323521,33.92923134498212,907.8493755180662,7837.3619038367915,2.116662395777475,6.693474208285591,0.0897524356842041,0.0897524356842041,0.0,1.0,0.0,0.0,,
14.0,14.0,0.0,0.0,0.025036441812976068,0.30570509743170127,0.6615137314871622,0.10881520915704339,0.20988106255964042,-0.00532939093720545,0.30533220910950626,5.574566731054453,171.65328383221313,-78.94166529340083,63.98504013919477,-6229.214696498008,41690.63707682447,0.1315931580961888,7.270628462416696,0.09766125679016113,0.09766125679016113,0.0,2.0,0.0,0.0,,
3.0,3.0,0.0,0.0,0.0018518518518518823,0.5278246801395966,0.9233511209736356,0.13229823930555767,0.39552644083403893,0.0,0.5278246801395966,-113.02729571766125,-113.02729571766125,-113.02729571766125,0.0,,,0.0,0.0,0.008001565933227539,0.008001565933227539,0.0,0.0,0.0,0.0,,
12.0,12.0,0.0,0.0,0.12432685703754791,4.140193222808582,24.977459653954607,0.1063770903586788,7.911062579767309,0.16315548642296485,4.133765745491463,-1134.9922751982908,80.48450688496499,-9186.006846926333,2760.438636738443,143750.0861640668,315515.48994749703,-12.225091351751853,28.875645823687467,0.07038593292236328,0.07038593292236328,0.0,6.0,0.0,0.0,,
8.0,8.0,0.0,0.0,0.005691988411498006,0.0952598815808345,0.14277927737200635,0.0,0.05353333868112301,0.009999877931177561,0.09264040272279932,0.0034758509235323456,18.066422641261532,-18.226243850580264,10.602306964744878,469.344292082693,2506.3015949632368,2.5737255017261256,108.85793529772793,0.08315205574035645,0.08315205574035645,0.0,2.0,2.0,0.0,,
8.0,8.0,0.0,0.0,0.005150462962962982,0.14859718060657026,0.5218665392578418,0.0,0.16284614416991589,0.07455236275112025,0.07404481785545002,68.75185938805336,461.0503951760759,-50.760783700070384,176.53949588140827,82921.94165757521,193636.13205074842,-241.44300039466032,601.5293402004778,0.08947992324829102,0.08947992324829102,0.0,2.0,3.0,0.0,,
13.0,13.0,0.0,0.0,0.011656842534880954,0.13304580008253314,0.26445233834836257,0.0,0.055070934644743955,0.02246555731830865,0.12716092300360296,0.46633351945476065,18.904338012071474,-19.289662020120037,11.537485024484177,449.05423302561593,2697.423396628885,-2.4272656023539514,105.02243134692198,0.0890498161315918,0.0890498161315918,0.0,7.0,2.0,0.0,,
9.0,9.0,0.0,0.0,0.010105415637881476,0.18733574514833487,0.476254192754264,0.06092858072553482,0.13314863900500232,0.030440762177587573,0.17491710469050387,7.21917913879904,99.32921007587268,-29.727854482291743,39.45305645883856,2668.4182479729006,11935.385020983444,6.560201741078954,116.98575940827635,0.06043863296508789,0.06043863296508789,0.0,6.0,2.0,0.0,,
10.0,10.0,0.0,0.0,0.04769230023025141,0.7242486929671752,1.544629821352049,0.0,0.46924460192034306,0.1692789966301416,-0.70219979584919,29.810324674122043,149.4533219413542,-107.61330053750953,77.84770272543248,3006.7588896282114,17636.620410417323,-24.489896690249786,67.85530276511226,0.0666961669921875,0.0666961669921875,0.0,1.0,1.0,0.0,,
14.0,14.0,0.0,0.0,0.13498040799862987,1.3781183884594954,2.349432358863889,0.38482860132165575,0.5213635134994777,0.20786277003151216,-1.361226410552404,-11.755638293024496,132.55672727206135,-267.51113198956006,107.24666619021625,476.45396187560453,26668.78530219435,-1.13055167743668,6.420531095182837,0.09822821617126465,0.09822821617126465,0.0,0.0,0.0,0.0,,
13.0,13.0,0.0,0.0,0.05012321518998183,0.5496177013798368,1.4982611278828544,0.11287937261487803,0.3659066394176229,0.02782965349275091,-0.5483135290476251,-15.504050062883335,39.846178135515565,-82.11196092521642,33.54132881827702,753.7580383444975,6840.235180361688,-1.6436969295685664,9.021130304573875,0.09105348587036133,0.09105348587036133,0.0,3.0,0.0,0.0,,
11.0,11.0,0.0,0.0,0.010185185185185186,0.12639596579628493,0.4055571026331246,0.0,0.1455177993201002,0.0,-0.12639596579628493,-6.132976517064474,32.34200484088503,-49.40275406972191,21.254956304960725,-60.04782591857432,4968.575457157595,36.17810654894069,164.97543664420496,0.09695196151733398,0.09695196151733398,0.0,0.0,7.0,0.0,,
2.0,2.0,0.0,0.0,0.0009259259259259411,0.03941395675416484,0.03941395675416484,0.03941395675416484,0.0,0.0,-0.03941395675416484,,,,,,,,,0.02349233627319336,0.02349233627319336,0.0,0.0,0.0,0.0,,
7.0,7.0,0.0,0.0,0.00854161458494652,0.17918048832268552,0.27777142009451655,0.12224157427808872,0.05719290547579782,0.020954694204858737,-0.17495514302560175,0.09168251610299727,15.552628610223785,-18.51678773965575,12.360839625713622,-753.5100510839832,3506.3990232458546,7.112814590587924,30.21810247109104,0.046155691146850586,0.046155691146850586,0.0,1.0,0.0,0.0,,
5.0,5.0,0.0,0.0,0.002777777777777768,0.09087011967661157,0.13444626513932859,0.0,0.0530919759608499,0.0,-0.09087011967661157,-5.263598653680813,2.8278063617150204,-18.731390388936937,9.587453320336534,-1304.7276462858804,1698.9536414751728,72.94909280475161,103.1655964072933,0.030235767364501953,0.030235767364501953,0.0,0.0,1.0,0.0,,
9.0,9.0,0.0,0.0,0.019549205615399405,0.3522533043657543,0.8082597243075755,0.0,0.24989705713480662,-0.22883526183829966,0.2644865241166168,17.135742977894946,84.42786736625332,-58.580014904217244,44.32270377550167,1706.4347532714137,13052.920966558611,54.056574410325815,105.86093552668153,0.06022357940673828,0.06022357940673828,0.0,1.0,1.0,0.0,,
14.0,14.0,0.0,0.0,0.035804635543835325,0.3751541119679232,0.8858207801331432,0.1523629915618251,0.1835001475060948,-0.22189191172842124,0.2927742989076874,0.2096053197153471,95.08222304370669,-67.0871216411374,39.78991305007891,408.14450808167516,10574.309017941578,1.817040029474608,53.08638481556578,0.0977473258972168,0.0977473258972168,0.0,0.0,0.0,0.0,,
12.0,12.0,0.0,0.0,0.012386421656607796,0.20393564520665422,0.5733805186389226,0.0,0.17563949182742983,-0.11675786579186614,0.1543324562173721,-4.237271564954918,27.30543811606995,-53.47806740879628,23.41587816103984,-636.0332848118727,5289.296186111102,-69.38800240178992,166.75732710183627,0.08178210258483887,0.08178210258483887,0.0,6.0,3.0,0.0,,
12.0,12.0,0.0,0.0,0.015476930816026186,0.20398107547643374,0.43891407488431583,0.0,0.13960953086269412,-0.07552453734069565,0.18529290590284095,14.625229497325748,166.18613338433985,-49.183640122594866,56.01107489895929,5450.407656801371,25631.48221549463,-46.02425976401586,180.22669002910118,0.09031534194946289,0.09031534194946289,0.0,4.0,4.0,0.0,,
10.0,10.0,0.0,0.0,0.009792863556161269,0.15284574041107687,0.32374417383063914,0.0,0.1094556365728708,-0.039665862939524704,0.14464437000515515,-3.702614489128944,51.217926631006726,-27.905220055187787,24.706991416348664,901.9692136120248,6141.67539526093,-22.310950589896002,167.92902326885897,0.06676220893859863,0.06676220893859863,0.0,7.0,3.0,0.0,,
3.0,3.0,0.0,0.0,0.0009259259259259411,0.02224980701256333,0.04449961402512666,0.0,0.02224980701256333,0.0,0.02224980701256333,2.138632900256034,2.138632900256034,2.138632900256034,0.0,,,75.49181667481514,0.0,0.026497840881347656,0.026497840881347656,0.0,0.0,1.0,0.0,,
2.0,2.0,0.0,0.0,0.0009259259259259411,0.010240628038516593,0.010240628038516593,0.010240628038516593,0.0,0.0,0.010240628038516593,,,,,,,,,0.09041690826416016,0.09041690826416016,0.0,0.0,0.0,0.0,,
2.0,0.0,2.0,0.0,0.0,,,,,,,,,,,,,,,0.0,0.002490997314453125,0.002490997314453125,0.0,0.0,0.0,0.002490997314453125,0.0
13.0,13.0,0.0,0.0,0.06195151916968484,0.6946683233930986,1.2935157394074819,0.0,0.3402541444956845,-0.3906961460307297,-0.5713428034219895,9.532345320641165,70.76750949593722,-82.84607245617143,54.28517854690264,-1570.9197103829881,13101.759341193469,-27.712647546250647,80.57589975349863,0.08975887298583984,0.08975887298583984,0.0,1.0,1.0,0.0,,
13.0,13.0,0.0,0.0,0.04817109784067226,0.5286622812068431,0.9429606368322394,0.2618904749581173,0.22461011482815343,-0.23501822521391702,-0.4672238804925781,-5.972754324860634,24.48069260113677,-50.20163886973916,23.67342298646289,40.19666199313449,5333.916042197123,3.8206334294283835,21.610950367251593,0.09054183959960938,0.09054183959960938,0.0,0.0,0.0,0.0,,
13.0,13.0,0.0,0.0,0.019175295315131218,0.211755949849897,0.4556400253826822,0.0,0.11745790274055047,-0.12599326510222478,-0.16392438967395537,-2.2621032793531577,21.84779350179151,-24.444286650164845,14.434018158601958,386.4370009075207,2762.9493098925204,-11.86693003167174,168.58756066590232,0.08992981910705566,0.08992981910705566,0.0,2.0,1.0,0.0,,
6.0,6.0,0.0,0.0,0.0036458333333333343,0.08134974244601398,0.19533247891269936,0.0,0.09324268578782614,-0.08134974244601398,0.0,4.656201559209749,24.419057483635378,-27.902860759943145,21.733939753805036,802.0401292378225,5996.022139954719,-420.9267989169557,28.21215705598534,0.06232452392578125,0.06232452392578125,0.0,4.0,0.0,0.0,,
13.0,13.0,0.0,0.0,0.016665950164722446,0.24798162293952666,0.980312559771577,0.022243265350452856,0.23834236039384904,-0.1324112314529264,0.19484653225247306,7.506547042268078,316.5866126107066,-208.7375616858911,114.36218956632568,-6759.689844788595,64416.29094249193,-26.747639267987406,146.56248122250506,0.09737372398376465,0.09737372398376465,0.0,2.0,4.0,0.0,,
8.0,8.0,0.0,0.0,0.020106862582052725,0.18403454632752705,0.3071062446654918,0.08525995346955297,0.07367300603782553,-0.06973619652275662,0.16180183249565827,-1.6389451452428008,20.139607269828204,-21.66821239796874,14.490434999209981,-958.4746948283007,3002.119050001039,8.258653136325758,61.34552757517493,0.08959603309631348,0.08959603309631348,0.0,3.0,0.0,0.0,,
3.0,2.0,1.0,0.0,0.0,0.0,0.0,0.0,0.0,0.0,0.0,,,,,,,,,0.03152823448181152,0.0359342098236084,0.004405975341796875,0.0,0.0,0.0,,
1.0,0.0,1.0,0.0,0.0,,,,,,,,,,,,,,,0.0,0.0,0.0,0.0,0.0,0.0,,
8.0,8.0,0.0,0.0,0.01007183745586205,0.1903949099039082,0.34075421283467644,0.06978447908680535,0.0865809300265687,0.11795217835585983,0.14029895714036905,2.2520332864494974,16.330422535518238,-14.215691789755006,11.140055492687408,-401.6702842524716,2000.550910471746,-11.138257685174793,84.03780411383234,0.05301356315612793,0.05301356315612793,0.0,0.0,2.0,0.0,,
13.0,13.0,0.0,0.0,0.10713448890410403,1.2052437245990502,2.781979821149412,0.4713471888396635,0.6820055076623294,0.5998516135122604,1.0403033412690137,21.0821123728855,289.3225745912956,-139.45291052646309,123.60965839322014,-270.4416709549376,29379.90739459425,0.3523440042616801,13.53256080692259,0.0904531478881836,0.0904531478881836,0.0,0.0,0.0,0.0,,
14.0,14.0,0.0,0.0,0.1154062336809376,1.299802745873195,2.996577036022082,0.3602054241596662,0.7469920110548859,0.39361785575873043,1.2313000075596394,16.035094916081423,535.6980304918126,-252.22447932695906,206.41386664792705,6722.940796148727,65799.12969235348,3.418035588097012,10.575172192725818,0.09792566299438477,0.09792566299438477,0.0,1.0,0.0,0.0,,
10.0,10.0,0.0,0.0,0.025962367738901954,0.4063676010098802,0.8288581399668933,0.0974546069638937,0.2153858688311373,-0.0077041174990771615,0.4058285571525102,6.212239543474771,163.68203842111905,-112.44982029344587,74.90928335842207,2107.972639555074,25065.49387270984,-0.07165415090901961,9.443646015118844,0.07480072975158691,0.07480072975158691,0.0,2.0,0.0,0.0,,
14.0,14.0,0.0,0.0,0.040420496314613655,0.6892223944929403,3.73783909029336,0.0,0.9862326733026983,0.016303519871864396,0.6833069332650842,-51.0672828505456,82.72136532759157,-376.1536524361349,122.34189412192586,4303.170247455144,16404.582898429366,-13.123741339202,128.04709051655425,0.08924198150634766,0.08924198150634766,0.0,3.0,5.0,0.0,,
4.0,4.0,0.0,0.0,0.002777777777777879,0.09686822691682595,0.12614873042339525,0.06161142898777027,0.026683988837457838,0.0,0.09686822691682595,3.1020777428109265,8.79260253234092,-2.5884470467190672,5.690524789529993,-1264.116884001102,0.0,0.0,0.0,0.0313715934753418,0.0313715934753418,0.0,0.0,0.0,0.0,,
1.0,1.0,0.0,0.0,0.0,,,,,,,,,,,,,,,0.0,0.0,0.0,0.0,0.0,0.0,,
11.0,11.0,0.0,0.0,0.014886663210485512,0.2012255439404927,0.41359050211020243,0.0,0.10585573637596468,0.00651050048677751,-0.2003274274317155,6.354847802022984,34.00545701976322,-18.86532806250286,18.981331777328492,-64.94317679026994,4263.17426389048,-24.335363411710645,68.95092261013014,0.07406282424926758,0.07406282424926758,0.0,2.0,1.0,0.0,,
11.0,11.0,0.0,0.0,0.0145180124308689,inf,inf,0.06262278790658542,,inf,-inf,-inf,28.363791639726188,-inf,,inf,,-12.869050438821318,101.28327637491279,0.06548905372619629,0.06548905372619629,0.0,5.0,2.0,0.0,,
1.0,0.0,1.0,0.0,0.0,,,,,,,,,,,,,,,0.0,0.0,0.0,0.0,0.0,0.0,,
1.0,0.0,1.0,0.0,0.0,,,,,,,,,,,,,,,0.0,0.0,0.0,0.0,0.0,0.0,,
1.0,1.0,0.0,0.0,0.0,,,,,,,,,,,,,,,0.0,0.0,0.0,0.0,0.0,0.0,,
1.0,1.0,0.0,0.0,0.0,,,,,,,,,,,,,,,0.0,0.0,0.0,0.0,0.0,0.0,,
1.0,1.0,0.0,0.0,0.0,,,,,,,,,,,,,,,0.0,0.0,0.0,0.0,0.0,0.0,,
12.0,12.0,0.0,0.0,0.012678125119530507,0.147161580529325,0.31394341348882315,0.0,0.084726422501481,0.018070336068008175,-0.13907929135196964,1.8919745283026987,20.177344588260645,-25.06400305625088,13.73335322857938,206.18536991922494,2903.431572803078,4.138306209512607,139.44552702512692,0.08371782302856445,0.08371782302856445,0.0,5.0,4.0,0.0,,
13.0,13.0,0.0,0.0,0.0518640343335709,0.5648484946494003,0.8848019273215443,0.13227570895145252,0.2582005212193892,0.09236451383165656,-0.5543177840878152,-2.450961059949861,86.04629250040718,-57.127933187393154,49.35790661950115,-629.8502362760921,11432.862873447471,2.439735442489748,33.90422415000133,0.09138751029968262,0.09138751029968262,0.0,3.0,0.0,0.0,,
14.0,14.0,0.0,0.0,0.10838689453775521,1.1301107497071614,1.8710261958245988,0.3533196842477187,0.45629202728444546,0.13528688623614343,-1.120001386109323,-5.2349645493270955,112.34384077328147,-189.73837533034143,92.94621560121685,-665.0912713363485,20997.39326397994,-1.4876677116158146,11.523727860590188,0.09749269485473633,0.09749269485473633,0.0,3.0,0.0,0.0,,
13.0,13.0,0.0,0.0,0.0568464861775099,0.6331460392090592,1.7828766857098428,0.24043696415116786,0.41798763871080186,-0.03577710418420493,-0.6289974254129719,-14.797168773192986,101.27738857457842,-180.61268749277565,70.82513955583808,2323.155217484172,16172.51848177469,-3.9977556199838618,15.607055042918214,0.09047937393188477,0.09047937393188477,0.0,1.0,0.0,0.0,,
13.0,13.0,0.0,0.0,0.03019586849852841,0.33646035302960137,0.6548497117951754,0.2313396762361804,0.14508944656491934,-0.09974887761591474,-0.3195072397266135,0.7464829549664981,53.10332126577359,-51.80191688913637,32.84751526137158,-224.97147609031998,8075.815159342764,-1.0297467526741375,22.20928509849383,0.09063076972961426,0.09063076972961426,0.0,2.0,0.0,0.0,,
14.0,14.0,0.0,0.0,0.029062238137843407,0.30301797278617115,0.6160418014092336,0.12893474024785953,0.14712137942598486,-0.1243263226994905,-0.27058275793606446,2.4615927628857737,51.10136222068371,-69.10119269993095,32.679169584833716,-452.2751755538095,7903.631388806803,-0.0791004408039407,47.59501381613971,0.09730648994445801,0.09730648994445801,0.0,2.0,0.0,0.0,,
13.0,13.0,0.0,0.0,0.024190103571678296,0.2703371176519343,0.5199667242136146,0.07127584369256176,0.14502257959074294,-0.11062758068093548,-0.23790963858265854,-1.570304185688042,41.93495724817628,-47.069584143591754,31.722052155335565,-937.6994812364967,7311.608332272012,-13.937506976171171,71.25602615933987,0.09046053886413574,0.09046053886413574,0.0,4.0,1.0,0.0,,
13.0,13.0,0.0,0.0,0.010670538123918048,0.12074089872584061,0.27448830219373566,0.0,0.07118175269838342,-0.04627221368266724,-0.10557081246635446,-0.04585225685921382,39.16609572527281,-20.690489444881834,16.843190103981403,-31.906932070647848,4259.573293026152,-13.654182079635019,155.7365493634065,0.09117627143859863,0.09117627143859863,0.0,6.0,5.0,0.0,,
11.0,11.0,0.0,0.0,0.010104114584946446,0.2868404799434937,1.82457825455239,0.040261819164771,0.5157425047966218,-0.03491319152676873,-0.26250322207042204,-29.48240140594144,23.57831793865215,-269.4800557883415,85.8127866453303,4652.4105227385835,13416.48647306431,2.1259832708831192,173.12263366565924,0.08231639862060547,0.08231639862060547,0.0,6.0,6.0,0.0,,
5.0,5.0,0.0,0.0,0.002509118041127677,0.05582322760632795,0.13224417934466845,0.0,0.050544233514099396,-0.01404041656598123,-0.047973934840064195,4.176529045936448,15.658694312771123,-4.110431579056974,8.380993742159296,411.33827101618533,1684.9382065756377,18.323577548610544,151.66817508912425,0.08308815956115723,0.08308815956115723,0.0,3.0,1.0,0.0,,
4.0,4.0,0.0,0.0,0.002509118041127629,0.05224972263219774,0.0704551807177103,0.03994255697639493,0.013136398341619344,-0.031059830115841593,-0.02678044321720635,-0.6640643097031688,-0.27646572670672614,-1.0516628926996114,0.3875985829964427,33.440425528259006,0.0,34.1412211491609,12.037784319589353,0.053493499755859375,0.053493499755859375,0.0,1.0,1.0,0.0,,
12.0,12.0,0.0,0.0,0.010516471112937943,0.1305565067939081,0.27463779035993857,0.0,0.09516127548771652,-0.03238482230914666,0.11527159240385441,-0.5903746554859008,34.607774394556074,-37.84140819061471,23.706958359699218,59.52962283196166,5939.847630810413,19.637285636328148,188.67630566058403,0.0816946029663086,0.0816946029663086,0.0,9.0,7.0,0.0,,
8.0,8.0,0.0,0.0,0.0034143518518518767,0.0694796271483145,0.23899930710039666,0.0,0.08787916307777154,0.03414275815719952,0.03533686899111498,3.7513812024807667,36.55722802846075,-16.41233869231138,15.95276499780561,1087.7814040650278,2667.050737079225,-32.558448065098844,72.80290311545751,0.09749603271484375,0.09749603271484375,0.0,1.0,1.0,0.0,,
13.0,13.0,0.0,0.0,0.0792884365272281,0.8865922455603675,1.5912892338726232,0.2422951789411451,0.37649143275567143,0.8735281415045403,0.07648000895798727,10.293715741890868,79.06910387880225,-93.58255945339114,52.86770598068289,164.0316975397962,10369.638398491297,4.143995936080519,17.773316835912148,0.08953309059143066,0.08953309059143066,0.0,0.0,5.0,0.0,,
13.0,13.0,0.0,0.0,0.06579069019007483,0.7288150080210833,1.7302339069660486,0.2769789949706258,0.40195257681934304,0.6971150622519798,0.1879917013513177,-7.23700396867817,131.48308045433387,-136.67906336146132,67.10420319393342,-2421.867069358421,15156.927189636768,-0.46535848217196346,34.00608167734008,0.0899648666381836,0.0899648666381836,0.0,0.0,3.0,0.0,,
7.0,7.0,0.0,0.0,0.007326801343949082,0.1598103723614307,0.6681720324076719,0.0,0.2311973816163873,0.13019217699902996,0.07653117811595639,17.1921304875729,95.84058057146947,-8.895470310185773,39.736635833687856,3782.1361257836516,6051.718824874159,-1.101233348833955,81.40046332968396,0.09784078598022461,0.09784078598022461,0.0,2.0,3.0,0.0,,
10.0,10.0,0.0,0.0,0.02340155793578346,0.34502004973651024,0.5611079004259489,0.06507979066741768,0.1879775430919538,0.3230424718446321,0.09331795320098041,-8.518094321709027,37.79676555361196,-41.68563365899593,23.156474076715764,684.79033394983,5005.78284280104,-9.540773309871248,49.76256194346739,0.06734299659729004,0.06734299659729004,0.0,0.0,5.0,0.0,,
1.0,1.0,0.0,0.0,0.0,,,,,,,,,,,,,,,0.0,0.0,0.0,0.0,0.0,0.0,,
7.0,7.0,0.0,0.0,0.018750000000000044,0.43717279999892905,0.7561555324795209,0.0650856075954428,0.2656349707881891,-0.43717279999892905,0.0,20.18833500352101,85.56332762166797,-88.67256937707423,63.93087428730873,604.5614404263179,17321.43028403008,0.0,0.0,0.04340696334838867,0.04340696334838867,0.0,0.0,0.0,0.0,,
13.0,13.0,0.0,0.0,0.08283989250592029,0.9560381643586151,1.541266908057711,0.21812743988170408,0.41873893153032654,-0.9264306315832528,0.16949759072745574,3.486164732742147,162.2667594014191,-158.48175682272273,100.08973596501637,1903.7741053531158,26628.829906750932,-5.303224984247683,21.49076745324022,0.09001445770263672,0.09001445770263672,0.0,0.0,1.0,0.0,,
13.0,13.0,0.0,0.0,0.03367118114294875,0.3862255277986076,0.906890798860561,0.0,0.2824796836143204,-0.3468526762216226,0.1586065888190397,-3.3269890084393596,57.830353897659606,-73.17456164112431,36.45488426984554,-298.881137215282,9219.481360561069,-35.41241000571236,136.24950486358907,0.08965063095092773,0.08965063095092773,0.0,1.0,3.0,0.0,,
2.0,2.0,0.0,0.0,0.0,0.0,0.0,0.0,0.0,0.0,0.0,,,,,,,,,0.05062437057495117,0.05062437057495117,0.0,0.0,0.0,0.0,,
1.0,1.0,0.0,0.0,0.0,,,,,,,,,,,,,,,0.0,0.0,0.0,0.0,0.0,0.0,,
10.0,10.0,0.0,0.0,0.009681659828336797,0.28195035036212546,1.0788996823791228,0.06509336511720279,0.30985258626528817,-0.1505505723521749,0.2156187787069123,121.72252528523798,920.761484628923,-66.59561442946433,309.5996038452941,3552.0636567803954,54014.50781390115,-132.52400157351855,380.8519396323894,0.05854964256286621,0.05854964256286621,0.0,2.0,4.0,0.0,,
1.0,0.0,1.0,0.0,0.0,,,,,,,,,,,,,,,0.0,0.0,0.0,0.0,0.0,0.0,,
1.0,0.0,1.0,0.0,0.0,,,,,,,,,,,,,,,0.0,0.0,0.0,0.0,0.0,0.0,,
11.0,11.0,0.0,0.0,0.013964943259794369,0.1864064846230083,0.34720599727156504,0.06937008457442842,0.08183595816783674,-0.03576476928305246,0.17272480015459885,-2.5842083717871276,34.72786625251075,-27.9211545582026,18.37468773023123,263.1350973227301,4772.596844801651,3.1841967828565365,109.79514631301359,0.07475090026855469,0.07475090026855469,0.0,8.0,2.0,0.0,,
13.0,13.0,0.0,0.0,0.01005295830447753,0.10890546320369505,0.23160870794458266,0.0,0.06268831734882678,-0.01375437264871536,0.1012975510462919,0.3643667541242508,25.7136739190094,-16.5345357805131,12.51997261684299,844.2039638322364,2969.5040323316166,7.590107682929967,164.88460625589443,0.0985105037689209,0.0985105037689209,0.0,6.0,6.0,0.0,,
2.0,2.0,0.0,0.0,0.0005208333333333315,0.03718734395569463,0.03718734395569463,0.03718734395569463,0.0,-0.03718734395569463,0.0,,,,,,,,,0.014005661010742188,0.014005661010742188,0.0,0.0,0.0,0.0,,
4.0,4.0,0.0,0.0,0.00198828470779429,0.07116267172858622,0.15176103294253523,0.0,0.06231440152963281,-0.024800850712774606,0.06466606201489687,1.3722273090697934,12.861625250649716,-10.11717063251013,11.489397941579924,-1531.8846634865674,0.0,-32.83977673414449,106.0360971230663,0.03700089454650879,0.03700089454650879,0.0,2.0,1.0,0.0,,
3.0,3.0,0.0,0.0,0.0009259259259258856,0.020043429060769228,0.040086858121538456,0.0,0.020043429060769228,0.0,0.020043429060769228,1.7355126895809376,1.7355126895809376,1.7355126895809376,0.0,,,68.0057526492686,0.0,0.030098438262939453,0.030098438262939453,0.0,0.0,1.0,0.0,,
1.0,0.0,1.0,0.0,0.0,,,,,,,,,,,,,,,0.0,0.0,0.0,0.0,0.0,0.0,,
1.0,0.0,1.0,0.0,0.0,,,,,,,,,,,,,,,0.0,0.0,0.0,0.0,0.0,0.0,,
3.0,3.0,0.0,0.0,0.0015831921152016878,0.103598287800302,0.13279655743653734,0.07440001816406668,0.029198269636235334,0.06975251151592088,-0.057871115438019996,7.299661389303237,7.299661389303237,7.299661389303237,0.0,,,-132.30256165351082,0.0,0.015000343322753906,0.015000343322753906,0.0,0.0,1.0,0.0,,
14.0,14.0,0.0,0.0,0.05983777852236401,0.6182397594665093,1.0993049413326426,0.19874929918142156,0.3024637623308085,0.579861500869078,-0.1947563716818421,-1.3102850037042255,74.89132592881708,-124.83736726538645,51.98748201321293,-1537.306844285805,10346.283390811546,-4.334235213749391,30.434271968618486,0.09709620475769043,0.09709620475769043,0.0,0.0,0.0,0.0,,
13.0,13.0,0.0,0.0,0.04099792729610061,0.45683708494568226,0.8086371768770407,0.1302177714194877,0.23156891281518385,0.4463390522739487,-0.05556677821855221,-6.977030057545466,50.064040752777444,-71.54363311870377,33.649607452673216,420.1099441318265,8741.83734578905,-10.12606712978369,47.819558768600395,0.08961987495422363,0.08961987495422363,0.0,0.0,9.0,0.0,,
13.0,13.0,0.0,0.0,0.011063832078235367,0.12253631662524271,0.22418724868830586,0.06510112448841714,0.050649148030821045,0.10484424592834148,-0.03868659736101188,-0.029511924761791694,19.342809599734395,-13.824903084969936,9.241849266380978,-120.87750056555066,2141.9584112044604,4.054889432625466,81.5190809475084,0.09029030799865723,0.09029030799865723,0.0,0.0,6.0,0.0,,
13.0,13.0,0.0,0.0,0.008706061858117491,0.12181525943660242,0.46568606551552455,0.0,0.12861004896432052,0.11152234101995168,-0.021139342045492237,-5.164990488237927,31.903244048065066,-62.040749843916615,25.377103834665423,688.5880013433979,5502.141655125957,-0.5225588737971133,74.50550092335742,0.08967137336730957,0.08967137336730957,0.0,6.0,4.0,0.0,,
2.0,2.0,0.0,0.0,0.0005208333333333592,0.034117340829821055,0.034117340829821055,0.034117340829821055,0.0,0.034117340829821055,0.0,,,,,,,,,0.015265941619873047,0.015265941619873047,0.0,0.0,0.0,0.0,,
11.0,11.0,0.0,0.0,0.003124999999999989,0.03834496422759248,0.0799258500414609,0.0,0.033115366292515415,0.03834496422759248,0.0,0.7208852031100476,9.21367544170563,-8.91686124752014,5.395503823261697,-14.439392846873403,1111.6150284625905,0.0,0.0,0.08993029594421387,0.08993029594421387,0.0,5.0,0.0,0.0,,
13.0,13.0,0.0,0.0,0.005613425925925952,0.06790428225722071,0.1322666989583434,0.0,0.0383238948369475,0.056882057344025426,-0.011022224913195282,1.1613687871672171,19.83280269821104,-9.100910869652841,8.334549281675338,79.23676418087615,2269.163542735296,-3.0404366203820063,88.78228747399514,0.08990788459777832,0.08990788459777832,0.0,6.0,2.0,0.0,,
8.0,8.0,0.0,0.0,0.002956203076249138,0.0639092869723409,0.17418398055792525,0.0,0.06795680336613875,0.057623965497552374,-0.016531648283734372,-1.3689217054747338,29.7692400521972,-18.85606930627482,16.018442084184127,1167.0707224501452,4318.942760082318,17.304030409872055,38.69298828119746,0.05231881141662598,0.05231881141662598,0.0,3.0,1.0,0.0,,
12.0,12.0,0.0,0.0,0.009558239485831531,0.1207604078229187,0.2788672067323715,0.0,0.08118618713598821,0.1097849175818373,-0.028867726994540887,3.4188757570645256,34.9599310625597,-18.580870964479438,18.326549377704474,680.0820234306045,4943.790733996901,-5.922458223209641,70.4596722088939,0.0896608829498291,0.0896608829498291,0.0,2.0,4.0,0.0,,
13.0,13.0,0.0,0.0,0.0341273412767174,0.4074542614892847,0.7855092491371535,0.18995038868943523,0.1830991830883484,0.3559597339295732,-0.1854738920936779,11.830074260535982,169.26107267999095,-53.658379014119234,58.59342355596508,2644.0776531194033,19576.04669405744,-8.4242517787709,28.35541142974449,0.09052300453186035,0.09052300453186035,0.0,0.0,1.0,0.0,,
5.0,5.0,0.0,0.0,0.001914536409582475,0.0642795641036273,0.19930495695615313,0.0,0.08145151013969336,0.05169392038680732,-0.03310275157530582,1.3070342540399646,28.501383504296655,-15.70579116629546,19.43049396718984,-1929.2209748905195,2977.8432697917224,-7.7514212840584,75.54991993861674,0.030524730682373047,0.030524730682373047,0.0,2.0,2.0,0.0,,
8.0,8.0,0.0,0.0,0.015866758207576027,0.29478977908688,0.5747056767494484,0.0,0.20739553195396285,0.03062143446524893,0.29228219903575686,5.346875259843638,70.89468894482275,-89.4762553382672,52.8649904335264,-2895.823150037394,14280.9199487114,18.61548777585983,139.63476515173542,0.04689145088195801,0.04689145088195801,0.0,3.0,3.0,0.0,,
13.0,13.0,0.0,0.0,0.01644469682664976,0.18754558582249126,0.3205380439768261,0.0,0.08817355711508273,0.048360709599439,0.1793020797743131,-0.6301386470661072,31.095028349212182,-25.32769873059797,17.282461615829643,279.40896190027854,4391.532027636299,8.496541110605733,84.80345770740206,0.08969783782958984,0.08969783782958984,0.0,5.0,2.0,0.0,,
8.0,8.0,0.0,0.0,0.0048818032263128214,0.10705867429317584,0.35305092213182154,0.0,0.11028578576847342,0.04443164826130457,0.08087656998834254,8.676804641694792,110.49848846554472,-49.78032914899068,48.810542733953916,2232.399689227005,21823.646850881498,-42.078959554995016,137.45563953008613,0.09104156494140625,0.09104156494140625,0.0,4.0,4.0,0.0,,
7.0,7.0,0.0,0.0,0.03336135791408645,1.1889672039628578,4.88829495058836,0.24601639521188892,1.6596153583880229,0.3269310394197766,1.1388212635185904,-146.08050678087687,27.63754629033319,-707.7916289461514,281.92805398921485,13106.387057954325,21473.372133605408,5.13117964598077,16.03785417548489,0.05453085899353027,0.05453085899353027,0.0,2.0,0.0,0.0,,
10.0,10.0,0.0,0.0,0.00906244791827981,0.14165261549687524,0.3205635138253805,0.0694538941701335,0.0664958515909208,0.025627229535978138,0.1304397482306263,-3.0108312909066917,8.779455602968223,-25.590707374830078,9.618910546557746,522.5460344461954,1910.0984527116616,5.375094612670858,114.3085267098272,0.06606864929199219,0.06606864929199219,0.0,5.0,2.0,0.0,,
2.0,0.0,2.0,0.0,0.0,,,,,,,,,,,,,,,0.0,0.0357203483581543,0.0357203483581543,0.0,0.0,0.0,0.0357203483581543,0.0
3.0,3.0,0.0,0.0,0.0036458333333332926,0.2566648713475997,0.3717848349728211,0.1415449077223783,0.11511996362522141,0.2566648713475997,0.0,32.870289929073195,32.870289929073195,32.870289929073195,0.0,,,0.0,0.0,0.014363765716552734,0.014363765716552734,0.0,0.0,0.0,0.0,,
13.0,13.0,0.0,0.0,0.06298193606838966,0.7015516629262111,0.9755865189948791,0.25488240041225396,0.20197882033024636,0.6957860790985874,-0.043770383134135955,5.709341631748425,74.43800299588166,-67.79603852773619,40.16163776472368,-937.5958460037613,9342.96012467804,-1.298927827727924,18.764092811142035,0.08969569206237793,0.08969569206237793,0.0,0.0,2.0,0.0,,
13.0,13.0,0.0,0.0,0.021635609376025444,0.25106008202595637,0.521172875271238,0.05786076899306606,0.11284162136607868,0.2422645287243739,0.030065745823004822,4.0632462363009205,46.118466431890496,-36.707405291963354,22.514834720775458,1152.2294190782911,5330.691042150956,-0.15408716088659186,56.06653429135605,0.09031224250793457,0.09031224250793457,0.0,0.0,6.0,0.0,,
12.0,12.0,0.0,0.0,0.008333333333333304,0.10108640205866525,0.22322286181408973,0.06474801663751768,0.04498709858426515,0.10108640205866525,0.0,1.1906125824835567,16.99623864398699,-8.060454499173531,6.830480760514819,318.90355787153266,1123.2175797418145,0.0,0.0,0.08279609680175781,0.08279609680175781,0.0,0.0,0.0,0.0,,
9.0,8.0,1.0,0.0,0.009895833333333381,0.4539675696243045,1.30062713344448,0.037891718124842884,0.4153233024206479,0.4539675696243045,0.0,-30.234500404130348,231.3574994267761,-264.3105111995556,145.9902503362345,23284.155473424013,54380.24141857067,0.0,0.0,0.04125499725341797,0.07924318313598633,0.03798818588256836,0.0,0.0,0.0,,
1.0,0.0,1.0,0.0,0.0,,,,,,,,,,,,,,,0.0,0.0,0.0,0.0,0.0,0.0,,
1.0,1.0,0.0,0.0,0.0,,,,,,,,,,,,,,,0.0,0.0,0.0,0.0,0.0,0.0,,
1.0,1.0,0.0,0.0,0.0,,,,,,,,,,,,,,,0.0,0.0,0.0,0.0,0.0,0.0,,
12.0,12.0,0.0,0.0,0.014418878193955962,inf,inf,0.06501006854547041,,-inf,inf,inf,inf,-13.654258123246786,,inf,,-inf,,0.08303213119506836,0.08303213119506836,0.0,3.0,6.0,0.0,,
13.0,13.0,0.0,0.0,0.027902222274665923,0.33490494327345965,0.9110415888924263,0.0652840037455385,0.22342352318473416,0.2702527766376254,-0.1865825260636668,-0.34032076587861515,146.8669873795584,-85.50210949049902,55.0695735551906,1651.2476216928649,14860.698858390922,-5.369534286166833,62.959742722262796,0.08933067321777344,0.08933067321777344,0.0,0.0,2.0,0.0,,
6.0,6.0,0.0,0.0,0.0033612956688417383,0.07770586082974015,0.1991352201507006,0.0,0.07368747988197144,0.04451815257037124,-0.049587415934091994,-1.9132239871253627,19.151072852075746,-16.519906358919318,13.544280190414106,-1429.1749910434337,1668.6235515384458,3.7874810046260095,134.34317905467435,0.09018945693969727,0.09018945693969727,0.0,2.0,2.0,0.0,,
11.0,11.0,0.0,0.0,0.021755907331663306,0.2913390470397791,0.5290180725796451,0.07430385487527923,0.1341425714273265,0.08489649804667018,-0.2720957991126194,6.436778087011925,34.934857425517656,-22.90230176380259,18.963433997109046,-435.44736122956897,4008.417908989578,-21.6597479237293,59.83535373646985,0.07439136505126953,0.07439136505126953,0.0,0.0,1.0,0.0,,
13.0,13.0,0.0,0.0,0.04855874799224109,0.5448862736952499,1.2095379823656633,0.25007983610643475,0.23981694262181907,0.05992454832516727,-0.5401595824414904,3.053895135576539,106.50839517980482,-96.43350565725703,50.17623363839301,-1250.8167143042567,12651.508991483437,2.4036316032871388,15.978353141997408,0.0898447036743164,0.0898447036743164,0.0,7.0,0.0,0.0,,
8.0,8.0,0.0,0.0,0.013207686027552124,,,,,,,,,,,,,inf,,0.05312490463256836,0.05312490463256836,0.0,3.0,1.0,0.0,,
11.0,11.0,0.0,0.0,0.0222222222222222,0.3043956542503815,0.6188041451266352,0.0,0.1954271152242666,0.0,0.3043956542503815,-0.8633127644425586,103.38801390699595,-55.42944157982082,45.64314166309651,1835.0934426910198,12106.6810102026,10.5952108354261,147.19896071169444,0.07546854019165039,0.07546854019165039,0.0,0.0,4.0,0.0,,
1.0,1.0,0.0,0.0,0.0,,,,,,,,,,,,,,,0.0,0.0,0.0,0.0,0.0,0.0,,
1.0,1.0,0.0,0.0,0.0,,,,,,,,,,,,,,,0.0,0.0,0.0,0.0,0.0,0.0,,
1.0,0.0,0.0,1.0,0.0,,,,,,,,,,,,,,,0.0,0.0,0.0,0.0,0.0,0.0,,
1.0,0.0,0.0,1.0,0.0,,,,,,,,,,,,,,,0.0,0.0,0.0,0.0,0.0,0.0,,
1.0,0.0,0.0,1.0,0.0,,,,,,,,,,,,,,,0.0,0.0,0.0,0.0,0.0,0.0,,
1.0,0.0,0.0,1.0,0.0,,,,,,,,,,,,,,,0.0,0.0,0.0,0.0,0.0,0.0,,
6.0,4.0,0.0,2.0,0.001988284707794332,0.06217599634566116,0.12480689284145761,0.0,0.050953215965201616,0.02039599399971252,-0.05683324362022243,5.228603393438128,14.66242927209952,-4.2052224852232625,9.433825878661391,-1257.6947210251737,0.0,-79.24893823391531,45.093679930952305,0.02951192855834961,0.06751155853271484,0.037999629974365234,2.0,1.0,0.0,,
8.0,7.0,0.0,1.0,0.006481481481481477,0.2786696211373586,0.9335612535612129,0.0,0.31370101363416847,0.0,0.2786696211373586,155.3471102544797,858.1760978446845,-129.34492631381704,357.3067926136131,181992.58376150593,407986.13085356297,31.361321920803487,153.81264348350166,0.05148935317993164,0.07401776313781738,0.022528409957885742,0.0,2.0,0.0,,
10.0,9.0,0.0,1.0,0.005555555555555591,0.0790383846202932,0.1322982393055656,0.0,0.052693199242742586,0.0,0.0790383846202932,2.435888258139286,18.8978995338324,-15.045791820872536,10.973148070327737,428.56348739010053,2502.256782790426,23.087491880224267,140.6823329070175,0.09000229835510254,0.09000229835510254,0.0,0.0,4.0,0.0,,
14.0,14.0,0.0,0.0,0.012113091407942549,0.1249855108318057,0.28649588619765665,0.0,0.0587498551731351,-0.02666072670307077,0.11451897461292745,1.674866948150093,22.88978834434956,-21.19876832466222,10.200003762292571,-146.01399919743167,2236.6338671845324,16.70319075500445,101.72763750756543,0.09744668006896973,0.09744668006896973,0.0,6.0,3.0,0.0,,
4.0,4.0,0.0,0.0,0.002372685185185186,0.08983569159388423,0.11908545366167808,0.03468283957281685,0.039022881049488936,-0.011560946524272283,0.07827474506961195,2.7288065154194734,10.855213476124343,-5.397600445285396,8.12640696070487,2090.3116166388004,0.0,-48.71136639705412,153.3123462443399,0.0307924747467041,0.0307924747467041,0.0,2.0,2.0,0.0,,
13.0,10.0,0.0,3.0,0.006076388888888895,0.084451112995071,0.23078291031702391,0.0,0.07301676601418049,-0.008645625144288944,0.07580548785078206,0.037287309043469885,19.063830007951314,-32.96014995486021,17.024665125158908,-253.45528731270295,4254.2185824053395,-23.527903910139173,170.7804136011373,0.07867574691772461,0.08367562294006348,0.004999876022338867,1.0,7.0,0.0,,
9.0,7.0,0.0,2.0,0.003819444444444431,0.09009511513003038,0.26326022334699556,0.0,0.09345375931637774,-0.013329554381651842,0.07676556074837854,17.26352120603336,74.85042081244556,-8.339501333388705,31.09914035336018,6120.106094989338,9909.947471348753,-4.93754757197014,263.75188640207375,0.0817866325378418,0.0817866325378418,0.0,3.0,3.0,0.0,,
10.0,9.0,0.0,1.0,0.00594416200818124,0.09956495963828699,0.1353081602262866,0.0,0.04575915629092462,-0.033605240818040075,0.07782889241814656,0.9782691806915577,16.5032417303361,-10.24983720760719,8.60235141559704,-286.09053517413884,1795.8725690074173,-24.883816231857974,225.61421319771677,0.059540748596191406,0.08304572105407715,0.023504972457885742,6.0,3.0,0.0,,
5.0,5.0,0.0,0.0,0.002509118041127663,0.08005757649877158,0.12712323452749194,0.0,0.05210654053996528,-0.032266205956249024,0.059156427638914086,0.0663865643788301,8.740143095469875,-8.365263503503405,6.98535111900589,835.291941295621,1380.5730077345859,-161.69163217411796,191.5730803018157,0.03847789764404297,0.03847789764404297,0.0,3.0,1.0,0.0,,
7.0,7.0,0.0,0.0,0.01622155469047749,0.3717724114511641,0.6071682082406031,0.06972211583471241,0.18938483112830143,-0.2733699415394103,-0.17070654644538738,16.918159515500506,48.11481630324732,-36.724761497453954,36.28605950964118,564.6410611143097,9886.512444490716,28.439165941985454,48.88876644700323,0.04451179504394531,0.04451179504394531,0.0,0.0,3.0,0.0,,
13.0,13.0,0.0,0.0,0.06216542284247599,0.7360780062457358,1.4171442118870083,0.1342044361250984,0.4078278728326876,-0.4391196932674111,-0.03672506125979261,-10.884377548998033,44.55741422066828,-85.17533035813912,43.693986640520464,-325.5242522498485,8289.081911355643,-30.174637859802417,59.76440402579847,0.08844590187072754,0.08844590187072754,0.0,0.0,2.0,0.0,,
13.0,13.0,0.0,0.0,0.171308630092228,1.9706181051921476,4.330387509827846,0.5197545419603027,0.9949895533966804,-0.6314242323081538,1.8653280715516498,9.865605661425736,523.9056492519652,-325.18537422289654,235.0895216510679,-3180.9723791395686,56781.448237675955,1.5836059260929412,8.881621167933341,0.0906369686126709,0.0906369686126709,0.0,0.0,0.0,0.0,,
13.0,13.0,0.0,0.0,0.05561884288635972,0.6131324290147921,1.7344643993089146,0.10261354439756508,0.49495337372191994,-0.21210059848682225,0.5716303309113169,-6.957089697082568,147.3649846734095,-104.19702260337343,63.918003727543905,-2079.2081064094377,12304.19466379248,-6.001552330936146,25.024014512927263,0.09132027626037598,0.09132027626037598,0.0,1.0,0.0,0.0,,
13.0,13.0,0.0,0.0,0.10544666688439525,2.285381544718595,16.0695458183864,0.12289531390825119,4.199306967827229,0.15378353425562644,2.2690887455786473,1394.4404269472627,17373.482169802464,-1989.8661682846093,5085.408219647599,1744311.8382410456,6135632.457752439,-12.915996912704578,24.60499490011602,0.0900731086730957,0.0900731086730957,0.0,6.0,0.0,0.0,,
13.0,13.0,0.0,0.0,0.05811337147544083,1.0288068297230193,5.0380036697080675,0.14773723471633618,1.2553394706089,0.9244880746038885,-0.12437016343406421,363.9062885104195,4888.289816337358,-835.8274457296766,1450.795150238999,356876.31108253205,1576111.7259072904,-18.037932233218687,28.400998270695638,0.09064960479736328,0.09064960479736328,0.0,0.0,2.0,0.0,,
11.0,11.0,0.0,0.0,0.03126339653341167,inf,inf,0.07768886992187521,,inf,-inf,,inf,-inf,,,,inf,,0.08546710014343262,0.08546710014343262,0.0,0.0,2.0,0.0,,
12.0,12.0,0.0,0.0,0.037608720180025035,0.5160265184419699,1.0750696865650333,0.0,0.3619278276661719,-0.41563833622596014,0.05332875950445115,-4.881958506159521,63.07454849527134,-103.30773294727413,48.67140776045949,-361.7219416194574,6623.140097556182,5.890272929281503,83.72005983584508,0.09165835380554199,0.09165835380554199,0.0,1.0,3.0,0.0,,
13.0,13.0,0.0,0.0,0.08219512818490247,0.9130002142066574,1.1945339817244929,0.5370773823932795,0.19507850079762226,-0.8967024292624175,-0.1338019864913389,1.103708760909701,52.623227744043085,-93.87162460516427,41.89181391323266,41.49193726292369,9828.385527252778,2.5968606708718855,11.941617038929271,0.0896463394165039,0.0896463394165039,0.0,0.0,1.0,0.0,,
14.0,14.0,0.0,0.0,0.028132317673090768,0.2935365192813879,0.8595057067765977,0.08336322584748872,0.2077475000620915,-0.277824830694486,-0.039606781261416084,-8.121385044462524,30.54815254088509,-66.75077428094976,25.797759309296293,700.2660065523452,5816.585210207944,-7.6595875849842345,99.92758896477756,0.09712004661560059,0.09712004661560059,0.0,2.0,5.0,0.0,,
12.0,12.0,0.0,0.0,0.010275567680691784,0.12418604717921794,0.3255137703232255,0.0,0.09935067699811682,-0.11359731225353241,0.033160668265853184,-0.9587358123278064,14.529985029313792,-18.762483405258138,12.437430493163125,-71.27764235570892,2187.9354988777654,-116.02950854213717,189.9134110730921,0.08406710624694824,0.08406710624694824,0.0,3.0,4.0,0.0,,
13.0,13.0,0.0,0.0,0.011915136230988055,0.13178468373477317,0.3335298209248922,0.0,0.09782518075810594,-0.08109073255566294,0.0917540545927286,-0.6088083422203764,45.91156750983128,-41.23059977524376,21.432657662799997,-56.65791307212935,5527.966925339608,-38.0779067409274,212.2620400539419,0.08998775482177734,0.08998775482177734,0.0,5.0,6.0,0.0,,
2.0,1.0,1.0,0.0,0.0,,,,,,,,,,,,,,,0.0,0.05290341377258301,0.05290341377258301,0.0,0.0,0.0,,
1.0,0.0,1.0,0.0,0.0,,,,,,,,,,,,,,,0.0,0.0,0.0,0.0,0.0,0.0,,
5.0,5.0,0.0,0.0,0.006122156389720395,0.207062348292732,0.3140222822572283,0.06975773832333126,0.10582714821884512,0.19370195722461717,-0.06295702785482316,10.74664935644573,24.185042307228706,-1.0725033121215153,10.374724317527734,-658.207120484321,2732.2372442799083,-19.2019964144737,27.155723753988248,0.029700517654418945,0.029700517654418945,0.0,0.0,1.0,0.0,,
13.0,13.0,0.0,0.0,0.044237575908283394,0.49903338071186654,0.7425427691431726,0.0,0.20576598705507146,0.410446887244231,-0.2729680672151105,4.231691053958337,59.981852524314036,-82.85222138350291,38.44526041324328,-420.06601863367234,8378.152123410282,-6.789195499261214,39.254519800793375,0.09027099609375,0.09027099609375,0.0,2.0,2.0,0.0,,
13.0,13.0,0.0,0.0,0.03475990291348925,0.37970016208650975,0.7365048186111917,0.07438481794242745,0.2065518503568633,0.23326101376299702,-0.29316355765142926,-6.483792457476839,73.08302390432448,-65.25342055256564,37.13713476984773,-62.60647877500814,8968.052452249618,-1.7323577600635636,63.01999462660024,0.09055852890014648,0.09055852890014648,0.0,0.0,2.0,0.0,,
10.0,10.0,0.0,0.0,0.005807729152238686,0.06723149364891665,0.15168354058502287,0.0,0.04683383503597471,0.024685277616589413,-0.04864451418925979,-1.104572135156975,6.313656338593514,-10.04545805174421,5.690970700363493,-6.2860961650900595,941.3400866352331,24.5923736016732,142.3400834158521,0.0973210334777832,0.0973210334777832,0.0,5.0,5.0,0.0,,
1.0,1.0,0.0,0.0,0.0,,,,,,,,,,,,,,,0.0,0.0,0.0,0.0,0.0,0.0,,
1.0,0.0,0.0,1.0,0.0,,,,,,,,,,,,,,,0.0,0.0,0.0,0.0,0.0,0.0,,
1.0,0.0,0.0,1.0,0.0,,,,,,,,,,,,,,,0.0,0.0,0.0,0.0,0.0,0.0,,
1.0,0.0,0.0,1.0,0.0,,,,,,,,,,,,,,,0.0,0.0,0.0,0.0,0.0,0.0,,
2.0,2.0,0.0,0.0,0.0013937030762491524,0.43284815901696594,0.43284815901696594,0.43284815901696594,0.0,-0.3235147476243355,0.28756866455498786,,,,,,,,,0.0032198429107666016,0.0032198429107666016,0.0,0.0,0.0,0.0,,
1.0,1.0,0.0,0.0,0.0,,,,,,,,,,,,,,,0.0,0.0,0.0,0.0,0.0,0.0,,
1.0,1.0,0.0,0.0,0.0,,,,,,,,,,,,,,,0.0,0.0,0.0,0.0,0.0,0.0,,
3.0,3.0,0.0,0.0,0.0005208333333333037,0.03878787878787658,0.07757575757575316,0.0,0.03878787878787658,-0.03878787878787658,0.0,11.554556473828544,11.554556473828544,11.554556473828544,0.0,,,-467.92594578559243,0.0,0.014779806137084961,0.014779806137084961,0.0,1.0,0.0,0.0,,
1.0,1.0,0.0,0.0,0.0,,,,,,,,,,,,,,,0.0,0.0,0.0,0.0,0.0,0.0,,
3.0,3.0,0.0,0.0,0.0019237002475225667,0.9621492538737052,1.9242985077474104,0.0,0.9621492538737052,-0.2604976548215409,0.9262138838098923,-128.27547565541948,-128.27547565541948,-128.27547565541948,0.0,,,-122.9869509466333,0.0,0.016000986099243164,0.016000986099243164,0.0,1.0,1.0,0.0,,
7.0,6.0,0.0,1.0,0.0028935185185185452,0.08324655636641913,0.13228472017218856,0.0,0.04910911866667372,-0.03037944698132079,0.052867109385098345,1.3211140867699678,9.548301292969118,-18.899186966315526,11.723975836470856,-15.9907413102884,2865.025142912845,-266.37986529855596,72.91326306965306,0.035012006759643555,0.0655517578125,0.030539751052856445,3.0,3.0,0.0,,
2.0,2.0,0.0,0.0,0.0009259259259258856,0.01769445701613183,0.01769445701613183,0.01769445701613183,0.0,0.0,0.01769445701613183,,,,,,,,,0.05232858657836914,0.05232858657836914,0.0,0.0,0.0,0.0,,
1.0,1.0,0.0,0.0,0.0,,,,,,,,,,,,,,,0.0,0.0,0.0,0.0,0.0,0.0,,
5.0,5.0,0.0,0.0,0.36262395819421755,46.62988347879585,83.83525140360327,1.0749941743846017,29.720126841839704,37.361267473266345,-25.117249531953384,3209.1969887005084,18627.856379197154,-5683.903619353552,10945.39801694812,4624909.7865900975,6294620.651140559,98.64004318437867,58.771182233620515,0.02022695541381836,0.02022695541381836,0.0,0.0,1.0,0.0,,
6.0,5.0,0.0,1.0,0.005763836807168662,0.1976103056770472,0.25573957663977265,0.1322576901925707,0.04871952817299247,-0.038277315716674074,0.1897300099450383,4.64307757100172,12.383809670429597,-9.710700095123455,10.160089212057176,-385.2402608488212,3172.600975673551,16.946537463845463,48.128909315262945,0.02873682975769043,0.02873682975769043,0.0,1.0,0.0,0.0,,
8.0,7.0,0.0,1.0,0.01231096486148243,0.2663589106590965,0.6344546159017517,0.0,0.21067235492879113,-0.044058469686328705,0.2605236993339492,4.411405827560124,86.40201088656062,-39.200994455830724,44.20408791639292,-3212.198347851708,6783.052619304039,41.55433636872455,99.12443041806141,0.04496312141418457,0.053525686264038086,0.008562564849853516,2.0,1.0,0.0,,
1.0,1.0,0.0,0.0,0.0,,,,,,,,,,,,,,,0.0,0.0,0.0,0.0,0.0,0.0,,
4.0,4.0,0.0,0.0,0.03242953825536653,1.6738131202244684,4.225864081366442,0.15429538398151155,1.8154910372993633,-0.8763583917270056,1.4036365509118358,-638.0493117121683,-81.15061914453443,-1194.9480042798023,556.8986925676339,185602.09883442172,0.0,-80.49010965441104,34.80311573701297,0.01600050926208496,0.01600050926208496,0.0,1.0,0.0,0.0,,
1.0,1.0,0.0,0.0,0.0,,,,,,,,,,,,,,,0.0,0.0,0.0,0.0,0.0,0.0,,
12.0,11.0,0.0,1.0,0.07602215305108613,inf,inf,0.0,,,-inf,-inf,8330.568366060097,-inf,,inf,,-207.21173640227454,1162.2293736501413,0.05799412727355957,0.05799412727355957,0.0,2.0,5.0,0.0,,
9.0,9.0,0.0,0.0,0.005286895818905411,0.08295829330824785,0.13477753999009703,0.0,0.05162512136963149,-0.015460930154191446,0.07290570786987575,-0.48034028856698097,19.618184108645636,-19.378515183071197,13.896745954717545,503.00257471078794,3473.2732234977225,-4.973599200424254,216.59788373972984,0.06166839599609375,0.06166839599609375,0.0,4.0,6.0,0.0,,
3.0,2.0,0.0,1.0,0.0005208333333333037,0.010540926995523173,0.010540926995523173,0.010540926995523173,0.0,-0.010540926995523173,0.0,,,,,,,,,0.04941058158874512,0.04941058158874512,0.0,0.0,0.0,0.0,,
1.0,1.0,0.0,0.0,0.0,,,,,,,,,,,,,,,0.0,0.0,0.0,0.0,0.0,0.0,,
16.0,14.0,0.0,2.0,0.0589296434151602,3.1729383073754738,36.07911494864877,0.09248463552141149,9.51106979177807,-0.6813483986860459,3.08405591883736,2114.692037607745,34263.61238698818,-8985.20743469112,10004.660372688337,-844890.6302050401,3180328.912013623,35.535384303597766,140.0740961389822,0.07908272743225098,0.08008360862731934,0.0010008811950683594,5.0,2.0,0.0,,
11.0,10.0,0.0,1.0,0.009146289127992488,0.14539189339372058,0.4285012745582738,0.0,0.12061290891163376,-0.09203684457337936,0.10223295277239754,8.59877916817317,39.09399289435621,-18.972069610890966,18.130909149041518,1027.7072441887929,4218.1477102799645,15.307859928955835,199.8117330492215,0.0885162353515625,0.0885162353515625,0.0,4.0,5.0,0.0,,
12.0,12.0,0.0,0.0,0.021591064988652556,0.2729788800948525,0.5191592128959507,0.06261560804096564,0.14270532453696952,-0.2281666219945185,0.1340729735960916,-1.3125131134395207,35.58320411485679,-27.738379912729204,21.884054875118757,-300.29232066008257,6073.188563205979,4.274202909790196,70.94771439657487,0.08328866958618164,0.08328866958618164,0.0,0.0,3.0,0.0,,
13.0,13.0,0.0,0.0,0.0664571879186876,0.7557514480921363,1.9344004722657413,0.1487848345536143,0.5288153709227856,-0.746651840874049,0.07164685958047624,23.57035149745589,229.8634673736881,-126.66778191669616,82.51603301389308,3180.884473113941,18114.73193649218,0.3730453250028347,15.146190432942907,0.08882474899291992,0.08882474899291992,0.0,0.0,2.0,0.0,,
13.0,13.0,0.0,0.0,0.14417951280521255,1.6467026120569965,2.799503330664496,0.4656147230516662,0.7094960013281606,-1.60535905190111,0.26043082979863325,4.287679437522237,320.8760443623106,-190.82751252511915,159.7271885473045,1143.8003435164533,42780.79670345347,-5.564934024786758,12.0091274506348,0.08995342254638672,0.08995342254638672,0.0,0.0,2.0,0.0,,
14.0,14.0,0.0,0.0,0.05232073441267741,0.5465505534796515,1.1685036306628245,0.14184750543486827,0.2827408369786658,-0.4041621066338591,0.35618676805431015,-9.516242054917916,79.03559785867577,-82.17072053378038,43.69648006582197,1129.3375797065512,10564.937442819746,-5.742632663447746,32.42087352587146,0.0969233512878418,0.0969233512878418,0.0,0.0,0.0,0.0,,
1.0,1.0,0.0,0.0,0.0,,,,,,,,,,,,,,,0.0,0.0,0.0,0.0,0.0,0.0,,
3.0,3.0,0.0,0.0,0.0019882847077943664,0.13254344091017192,0.1327886425147703,0.13229823930557355,0.0002452016045983718,-0.0325505622442103,0.12401678586471081,0.06129753671315826,0.06129753671315826,0.06129753671315826,0.0,,,64.04568968111026,0.0,0.014999151229858398,0.014999151229858398,0.0,1.0,0.0,0.0,,
1.0,0.0,0.0,1.0,0.0,,,,,,,,,,,,,,,0.0,0.0,0.0,0.0,0.0,0.0,,
13.0,11.0,0.0,2.0,0.2228775585038939,30.932582921101186,303.19871197908867,0.0,90.7665457184803,-1.6105201908282563,-29.69411675839917,-6907.564045414378,358.2270921481551,-58547.376752853896,18299.685609010026,41215.8377633459,2158377.2882667263,74.77587812402905,125.72528621551314,0.073516845703125,0.073516845703125,0.0,6.0,4.0,0.0,,
2.0,2.0,0.0,0.0,0.0005208333333333592,0.08569485851770917,0.08569485851770917,0.08569485851770917,0.0,0.08569485851770917,0.0,,,,,,,,,0.006077766418457031,0.006077766418457031,0.0,0.0,0.0,0.0,,
6.0,5.0,0.0,1.0,0.0037037037037037646,0.12162881656793662,0.23136034879154527,0.0,0.08208464396762791,0.0,0.12162881656793662,4.493062378228795,28.904909936190084,-14.151118472158826,18.0444798578841,-2224.2943426385764,3931.6257615764307,65.4155974885931,92.51162515910771,0.029534339904785156,0.05954384803771973,0.03000950813293457,0.0,1.0,0.0,,
6.0,5.0,0.0,1.0,0.0037037037037037646,0.12811790337781975,0.26458746524150967,0.0,0.09382559090644502,0.0,0.12811790337781975,5.604476019284203,37.80352445198,-18.90176202854901,23.780340303463618,-3002.009558688175,5100.712817437903,74.8103433331192,105.79780214748483,0.03000926971435547,0.06700825691223145,0.03699898719787598,0.0,1.0,0.0,,
4.0,4.0,0.0,0.0,0.0018518518518518823,inf,inf,0.0,,,inf,inf,inf,-8.52472854178885,,inf,,inf,,0.022516965866088867,0.022516965866088867,0.0,0.0,2.0,0.0,,
3.0,3.0,0.0,0.0,0.0009259259259258856,0.03085711527924046,0.06171423055848092,0.0,0.03085711527924046,0.0,0.03085711527924046,4.1133379536995465,4.1133379536995465,4.1133379536995465,0.0,,,104.69572560601856,0.0,0.023006439208984375,0.023006439208984375,0.0,0.0,1.0,0.0,,
6.0,5.0,0.0,1.0,0.0037037037037036535,0.1256951968224775,0.18526045006986813,0.0,0.07570865857906879,0.0,0.1256951968224775,-0.12294359079382271,18.512374146800344,-18.902411393044037,15.274862327344499,20.560594752615316,3720.2972037911613,-22.42094666587737,156.49875409379982,0.028997421264648438,0.06751441955566406,0.038516998291015625,0.0,2.0,0.0,,
2.0,0.0,0.0,2.0,0.0,,,,,,,,,,,,,,,0.0,0.022527217864990234,0.022527217864990234,0.0,0.0,0.0,,
2.0,0.0,0.0,2.0,0.0,,,,,,,,,,,,,,,0.0,0.00635528564453125,0.00635528564453125,0.0,0.0,0.0,,
1.0,0.0,0.0,1.0,0.0,,,,,,,,,,,,,,,0.0,0.0,0.0,0.0,0.0,0.0,,
1.0,0.0,0.0,1.0,0.0,,,,,,,,,,,,,,,0.0,0.0,0.0,0.0,0.0,0.0,,
5.0,4.0,0.0,1.0,0.0014467592592591894,0.06571582046562374,0.13204633690845757,0.0,0.053909443582695664,0.021700374829471222,-0.04401544563615253,8.842159993027838,9.547059679515822,8.137260306539856,0.7048996864879831,201.05155041551075,0.0,-112.0056665305692,112.0056665305692,0.022012948989868164,0.08962845802307129,0.06761550903320312,2.0,1.0,0.0,,
10.0,7.0,0.0,3.0,0.0037037037037036535,0.07427373315839345,0.13228922624296235,0.0,0.056940103484103353,0.0,-0.07427373315839345,3.2475691773798347,14.474866549088368,-14.634488120505225,9.874307456347006,-389.55807387661764,1441.3187904918482,-26.744374095460138,125.04952427330069,0.050016164779663086,0.06300902366638184,0.01299285888671875,0.0,3.0,0.0,,
3.0,3.0,0.0,0.0,0.0,0.0,0.0,0.0,0.0,0.0,0.0,0.0,0.0,0.0,0.0,,,0.0,0.0,0.023003816604614258,0.023003816604614258,0.0,0.0,0.0,0.0,,
2.0,2.0,0.0,0.0,0.0009259259259258856,0.1323027462974261,0.1323027462974261,0.1323027462974261,0.0,0.0,-0.1323027462974261,,,,,,,,,0.006998538970947266,0.006998538970947266,0.0,0.0,0.0,0.0,,
1.0,1.0,0.0,0.0,0.0,,,,,,,,,,,,,,,0.0,0.0,0.0,0.0,0.0,0.0,,
1.0,0.0,0.0,1.0,0.0,,,,,,,,,,,,,,,0.0,0.0,0.0,0.0,0.0,0.0,,
2.0,1.0,0.0,1.0,0.0,,,,,,,,,,,,,,,0.0,0.0,0.0,0.0,0.0,0.0,,
1.0,0.0,0.0,1.0,0.0,,,,,,,,,,,,,,,0.0,0.0,0.0,0.0,0.0,0.0,,
1.0,0.0,0.0,1.0,0.0,,,,,,,,,,,,,,,0.0,0.0,0.0,0.0,0.0,0.0,,
3.0,3.0,0.0,0.0,0.0,0.0,0.0,0.0,0.0,0.0,0.0,0.0,0.0,0.0,0.0,,,0.0,0.0,0.015013933181762695,0.015013933181762695,0.0,0.0,0.0,0.0,,
9.0,9.0,0.0,0.0,0.002604166666666685,0.03873267980808319,0.08691892465416819,0.0,0.03386149387323624,-0.03873267980808319,0.0,-1.298424736978438,11.73471426016019,-12.094094790096744,8.239249026412459,218.05028818652704,1973.0700657880095,-312.59628884297643,157.5063677214903,0.07026815414428711,0.07026815414428711,0.0,6.0,0.0,0.0,,
1.0,1.0,0.0,0.0,0.0,,,,,,,,,,,,,,,0.0,0.0,0.0,0.0,0.0,0.0,,
1.0,0.0,0.0,1.0,0.0,,,,,,,,,,,,,,,0.0,0.0,0.0,0.0,0.0,0.0,,
8.0,8.0,0.0,0.0,0.004808054928100983,0.09238279576272583,0.19826395290746898,0.0,0.0664524166023255,-0.05552697774513953,0.04851864286184799,2.1024597872700923,28.204425815208545,-19.544439531870946,15.033138580352253,-958.1794463719752,2894.175373670328,77.59520491426436,276.69119627269134,0.0516972541809082,0.0516972541809082,0.0,5.0,4.0,0.0,,
13.0,13.0,0.0,0.0,0.10264361233882316,1.1414664920196769,2.0803206195931403,0.0,0.5885896768532812,-0.6207649375083029,-0.8839389824807973,21.91570321315906,195.0160477286067,-88.35719770010158,75.4445292161228,-1354.5281669685817,18563.50791963048,-28.207219643850134,65.04907674475454,0.08980369567871094,0.08980369567871094,0.0,3.0,1.0,0.0,,
7.0,7.0,0.0,0.0,0.022846604611578832,0.5374877331872057,1.2993089684286754,0.0,0.48290775277760367,-0.5263750246750143,-0.06847959540864017,-33.00328275849255,-1.1575899591252858,-65.06404130571703,20.322497723708274,472.0263785948508,2957.3163264118143,-19.502463231349328,23.95129077408307,0.09715056419372559,0.09715056419372559,0.0,1.0,1.0,0.0,,
13.0,13.0,0.0,0.0,0.06378115831930622,0.7592436772217112,1.8521826574537859,0.15426950554947394,0.4959727584655817,-0.730379833166309,-0.17304453911380344,13.450844832973115,264.23225414255495,-166.0040435228627,115.71574230165234,1901.9332243110134,34230.99785433858,11.128322755984486,22.96140387126394,0.08938241004943848,0.08938241004943848,0.0,0.0,1.0,0.0,,
13.0,13.0,0.0,0.0,0.02273550271246462,0.2561041692556436,0.44086640843986286,0.13921318718667636,0.07422608845255002,-0.2173281233641063,-0.12489941082786149,-2.970510698974169,18.584692973291133,-26.729749364130406,11.190074237035429,244.44266676992592,2265.919987637597,0.05273534146356889,51.39542954583337,0.08897209167480469,0.08897209167480469,0.0,0.0,4.0,0.0,,
9.0,9.0,0.0,0.0,0.008247304870389353,0.16289300544279245,0.3269872817366701,0.05786076899306915,0.07635116210124457,-0.11241237480051658,-0.09207319498156369,9.819322967309947,73.39964686146946,-10.4719227821036,27.43892705333992,4454.862288300315,9324.256199587127,-4.4373455398114725,87.51880621642299,0.05848884582519531,0.05848884582519531,0.0,0.0,4.0,0.0,,
2.0,1.0,0.0,1.0,0.0,,,,,,,,,,,,,,,0.0,0.0,0.0,0.0,0.0,0.0,,
9.0,8.0,0.0,1.0,0.0592739288982365,0.3802769233635582,1.1341426367745127,0.0,0.4113370764006188,0.3036546720905144,-0.20954261582884745,-43.629836932808416,24.659178180879245,-209.19971334603588,80.27485866746403,285.11384055853557,21183.905006080768,3.0199572511793327,113.1094459431699,0.08522152900695801,0.08522152900695801,0.0,2.0,3.0,0.0,,
15.0,14.0,0.0,1.0,0.037233219897537556,0.3914488517335916,1.2095767134351727,0.0,0.3400231372018744,0.24656746479130104,0.2812219659437743,15.750987228810493,120.16863455844738,-52.937964074277374,45.9880146069005,3368.752698954743,20040.98538101724,13.114082917022115,71.28730667439129,0.09755086898803711,0.09755086898803711,0.0,2.0,3.0,0.0,,
13.0,13.0,0.0,0.0,0.035573657190418884,0.46431970248692767,0.9780010470156894,0.06120341056602721,0.3525593718917986,0.23018838949487497,0.3923797515587346,18.496417301545794,256.43246614942575,-107.73339292722281,102.89063907690665,11777.769334412407,39628.12294480927,15.33575083307406,82.26741529203451,0.0897665023803711,0.0897665023803711,0.0,1.0,2.0,0.0,,
14.0,14.0,0.0,0.0,0.012289210633720302,0.12758514202014304,0.2467588915598614,0.07351123374948487,0.04300441694405642,-0.017634664409367697,0.11456922097875923,-1.006268585994591,14.437650121869003,-16.439686754276494,8.0660535850314,225.88802102451643,1791.542795217205,2.0122490739171504,118.21082300631872,0.09748363494873047,0.09748363494873047,0.0,4.0,4.0,0.0,,
12.0,11.0,0.0,1.0,0.01914703561985825,0.2512725350318442,0.40886711529080233,0.06799468791501002,0.10162004006257915,-0.06850538404166169,0.2310130998982886,0.3419205627255945,49.31438278256054,-29.331650949115843,23.561565735434147,-82.07381059188299,6106.210794110094,-5.741118931946556,107.6536649417636,0.07636833190917969,0.07636833190917969,0.0,3.0,2.0,0.0,,
10.0,10.0,0.0,0.0,0.010489971110592721,0.4683804688033827,3.190350134767798,0.0,0.9658722845374789,-0.24696485014577224,0.35528971565562967,-8.041769688148635,130.7566835029136,-207.91854710486743,89.20968464712966,12069.080153662753,25973.361386890396,-158.07539697216873,605.6377554731619,0.07823538780212402,0.07823538780212402,0.0,5.0,4.0,0.0,,
10.0,10.0,0.0,0.0,0.043022996474343815,1.8947460475308848,10.154306439208753,0.0,3.190387724944122,0.6525092208335528,1.7616452450510347,863.9068589869221,5774.931726795864,-954.5491378849157,2015.8750343017534,578961.5955056677,1366609.8892955792,-32.22464570625895,123.40148160977164,0.06904053688049316,0.06904053688049316,0.0,3.0,2.0,0.0,,
13.0,13.0,0.0,0.0,0.3229424108389749,7.79886481138545,26.043657058911464,0.3502483547549513,8.836250266743074,4.365063525998483,6.435676929831494,2092.5801307359407,24679.506316003102,-3688.0882245310304,7438.7195807042535,2412063.3283638554,7621412.130669735,13.35840034569123,45.793612286308026,0.09252572059631348,0.09252572059631348,0.0,0.0,0.0,0.0,,
9.0,9.0,0.0,0.0,0.05547805409848447,1.1844924028405186,5.524929557626454,0.02411149764892466,1.723204508891243,0.5641283813185797,1.0293456833189594,-92.44930879645436,143.72642853884864,-582.0447822234204,222.12440713383742,17095.948244863288,52326.57602463647,-11.313222651494641,82.42485675510034,0.08739995956420898,0.08739995956420898,0.0,3.0,2.0,0.0,,
1.0,1.0,0.0,0.0,0.0,,,,,,,,,,,,,,,0.0,0.0,0.0,0.0,0.0,0.0,,
1.0,1.0,0.0,0.0,0.0,,,,,,,,,,,,,,,0.0,0.0,0.0,0.0,0.0,0.0,,
3.0,3.0,0.0,0.0,0.011108699021204205,0.5181612019819197,0.5843911646348783,0.4519312393289613,0.0662299626529585,0.4784758140329365,-0.19193838876663377,-8.52805493039294,-8.52805493039294,-8.52805493039294,0.0,,,13.069674772632014,0.0,0.02252960205078125,0.02252960205078125,0.0,0.0,0.0,0.0,,
3.0,3.0,0.0,0.0,0.048780715634150776,4.1359994224615,6.44720966433429,1.8247891805887106,2.3112102418727893,4.111486417877822,-0.396786583266165,-2313.5843346844886,-2313.5843346844886,-2313.5843346844886,0.0,,,61.763777301770354,0.0,0.008998632431030273,0.008998632431030273,0.0,0.0,1.0,0.0,,
1.0,1.0,0.0,0.0,0.0,,,,,,,,,,,,,,,0.0,0.0,0.0,0.0,0.0,0.0,,
